"customer_id","age_group","region","occupation","signup_date"
"C001","30대","인천","기타","2025-08-07"
"C002","30대","인천","기타","2025-03-11"
"C003","30대","경기","기타","2025-03-12"
"C004","20대","서울","자영업","2025-08-04"
"C005","20대","서울","자영업","2025-07-23"
"C006","50대","서울","자영업","2025-05-05"
"C007","50대","경기","기타","2025-03-17"
"C008","30대","대구","자영업","2025-09-09"
"C009","20대","서울","기타","2025-04-26"
"C010","30대","부산","기타","2025-06-05"
"C011","40대","서울","자영업","2025-02-04"
"C012","20대","부산","기타","2025-07-15"
"C013","30대","서울","자영업","2025-06-14"
"C014","30대","인천","직장인","2025-05-20"
"C015","40대","부산","기타","2025-12-23"
"C016","30대","부산","기타","2025-04-07"
"C017","20대","서울","직장인","2025-09-21"
"C018","20대","대구","기타","2025-03-07"
"C019","40대","경기","학생","2025-02-23"
"C020","50대","경기","직장인","2025-05-14"
"C021","30대","대구","학생","2025-12-25"
"C022","30대","경기","직장인","2025-02-04"
"C023","40대","서울","직장인","2025-06-25"
"C024","30대","부산","자영업","2025-02-26"
"C025","40대","부산","직장인","2025-04-03"
"C026","30대","인천","학생","2025-10-21"
"C027","50대","서울","직장인","2025-11-01"
"C028","30대","대구","기타","2025-12-15"
"C029","20대","서울","학생","2025-09-25"
"C030","40대","서울","직장인","2025-05-03"
"C031","30대","인천","자영업","2025-02-05"
"C032","40대","대구","자영업","2025-09-13"
"C033","40대","인천","학생","2025-11-20"
"C034","40대","서울","기타","2025-01-11"
"C035","20대","경기","자영업","2025-11-18"
"C036","20대","부산","직장인","2025-05-02"
"C037","40대","서울","학생","2025-05-16"
"C038","50대","인천","학생","2025-04-11"
"C039","40대","대구","기타","2025-12-10"
"C040","30대","부산","학생","2025-01-27"
"C041","20대","인천","직장인","2025-06-11"
"C042","40대","서울","직장인","2025-10-09"
"C043","30대","대구","직장인","2025-01-20"
"C044","30대","인천","학생","2025-01-01"
"C045","30대","부산","직장인","2025-10-03"
"C046","30대","서울","직장인","2025-10-13"
"C047","30대","부산","직장인","2025-07-12"
"C048","20대","대구","학생","2025-03-09"
"C049","30대","인천","학생","2025-05-11"
"C050","40대","서울","학생","2025-04-05"
"C051","20대","서울","학생","2025-08-14"
"C052","50대","부산","자영업","2025-06-12"
"C053","50대","부산","자영업","2025-05-05"
"C054","20대","인천","기타","2025-01-17"
"C055","50대","부산","자영업","2025-04-06"
"C056","20대","대구","학생","2025-08-23"
"C057","20대","대구","자영업","2025-11-06"
"C058","30대","대구","학생","2025-10-10"
"C059","40대","대구","직장인","2025-05-15"
"C060","30대","대구","자영업","2025-01-09"
