"merchant_id","merchant_name","category","sales_channel","region"
"M001","식비 가맹점 1","FOOD","온라인","부산"
"M002","식비 가맹점 2","FOOD","온라인","서울"
"M003","식비 가맹점 3","FOOD","오프라인","부산"
"M004","식비 가맹점 4","FOOD","온라인","인천"
"M005","카페 가맹점 1","CAFE","오프라인","서울"
"M006","카페 가맹점 2","CAFE","오프라인","대구"
"M007","카페 가맹점 3","CAFE","오프라인","서울"
"M008","카페 가맹점 4","CAFE","오프라인","서울"
"M009","장보기 가맹점 1","GROCERY","오프라인","경기"
"M010","장보기 가맹점 2","GROCERY","온라인","대구"
"M011","장보기 가맹점 3","GROCERY","온라인","부산"
"M012","장보기 가맹점 4","GROCERY","오프라인","대구"
"M013","교통 가맹점 1","TRANSPORT","오프라인","인천"
"M014","교통 가맹점 2","TRANSPORT","온라인","경기"
"M015","교통 가맹점 3","TRANSPORT","온라인","경기"
"M016","교통 가맹점 4","TRANSPORT","오프라인","서울"
"M017","쇼핑 가맹점 1","SHOPPING","온라인","경기"
"M018","쇼핑 가맹점 2","SHOPPING","오프라인","인천"
"M019","쇼핑 가맹점 3","SHOPPING","오프라인","서울"
"M020","쇼핑 가맹점 4","SHOPPING","오프라인","부산"
"M021","여가 가맹점 1","LEISURE","오프라인","서울"
"M022","여가 가맹점 2","LEISURE","오프라인","인천"
"M023","여가 가맹점 3","LEISURE","오프라인","인천"
"M024","여가 가맹점 4","LEISURE","오프라인","대구"
"M025","구독 가맹점 1","SUBSCRIPTION","온라인","인천"
"M026","구독 가맹점 2","SUBSCRIPTION","온라인","경기"
"M027","구독 가맹점 3","SUBSCRIPTION","오프라인","경기"
"M028","구독 가맹점 4","SUBSCRIPTION","오프라인","부산"
"M029","건강 가맹점 1","HEALTH","온라인","대구"
"M030","건강 가맹점 2","HEALTH","온라인","부산"
"M031","건강 가맹점 3","HEALTH","오프라인","대구"
"M032","건강 가맹점 4","HEALTH","온라인","서울"
"M033","교육 가맹점 1","EDUCATION","오프라인","부산"
"M034","교육 가맹점 2","EDUCATION","온라인","부산"
"M035","교육 가맹점 3","EDUCATION","오프라인","서울"
"M036","교육 가맹점 4","EDUCATION","오프라인","경기"
