"date","transaction_id","type","category","amount","customer_id","merchant_id","time","channel"
"2026-01-01","T000908","CARD","FOOD","14000","C046","M002","07:13","STORE"
"2026-01-01","T000912","CARD","TRANSPORT","11200","C018","M015","07:20","WEB"
"2026-01-01","T000359","CARD","CAFE","5100","C051","M007","09:26","STORE"
"2026-01-01","T000722","CARD","FOOD","13800","C041","M003","09:33","STORE"
"2026-01-01","T001131","CARD","GROCERY","33300","C028","M012","09:33","APP"
"2026-01-01","T000383","CARD","FOOD","227800","C028","M001","13:25","WEB"
"2026-01-01","T000778","CARD","CAFE","10400","C012","M005","19:46","APP"
"2026-01-01","T001153","CARD","CAFE","10000","C043","M005","21:15","STORE"
"2026-01-01","T000158","CARD","CAFE","9600","C007","M005","22:12","WEB"
"2026-01-02","T000773","CARD","HEALTH","43200","C008","M031","07:25","STORE"
"2026-01-02","T000847","CARD","SHOPPING","111100","C017","M019","08:24","WEB"
"2026-01-02","T000914","CARD","GROCERY","37300","C003","M010","09:50","WEB"
"2026-01-02","T000234","CARD","SHOPPING","75300","C030","M017","18:37","STORE"
"2026-01-03","T000742","CARD","LEISURE","88400","C033","M024","10:43","STORE"
"2026-01-03","T000362","CARD","GROCERY","24200","C020","M010","10:55","STORE"
"2026-01-03","T001049","CARD","FOOD","19500","C052","M001","18:10","APP"
"2026-01-03","T000761","CARD","LEISURE","50400","C006","M021","18:27","APP"
"2026-01-03","T000930","CARD","CAFE","4900","C040","M005","19:09","STORE"
"2026-01-03","T001035","CARD","FOOD","13100","C039","M002","19:42","APP"
"2026-01-03","T000804","CARD","LEISURE","86300","C026","M024","20:46","WEB"
"2026-01-03","T000459","CARD","GROCERY","19600","C018","M011","21:52","STORE"
"2026-01-04","T000200","CARD","SHOPPING","30000","C003","M017","12:35","APP"
"2026-01-04","T000885","CARD","SHOPPING","94100","C038","M017","18:27","STORE"
"2026-01-04","T000832","CARD","LEISURE","41300","C043","M021","19:05","APP"
"2026-01-05","T000708","CARD","CAFE","5100","C016","M008","08:02","APP"
"2026-01-05","T000730","CARD","CAFE","9300","C040","M005","11:18","APP"
"2026-01-05","T001029","CARD","GROCERY","71200","C060","M010","19:43","WEB"
"2026-01-06","T000795","CARD","FOOD","25100","C030","M003","07:17","STORE"
"2026-01-06","T001057","CARD","GROCERY","18100","C052","M009","07:39","STORE"
"2026-01-06","T000962","CARD","CAFE","3700","C058","M008","18:01","STORE"
"2026-01-06","T000595","CARD","GROCERY","67200","C010","M012","18:28","STORE"
"2026-01-06","T000772","CARD","FOOD","29400","C031","M001","18:29","APP"
"2026-01-06","T000865","CARD","TRANSPORT","11400","C027","M015","19:06","WEB"
"2026-01-06","T000872","CARD","FOOD","26000","C043","M002","20:28","STORE"
"2026-01-06","T000700","CARD","SUBSCRIPTION","21500","C001","M028","21:26","STORE"
"2026-01-06","T000153","CARD","CAFE","10100","C032","M007","21:56","APP"
"2026-01-06","T000625","CARD","GROCERY","16000","C054","M011","21:56","STORE"
"2026-01-06","T000641","CARD","FOOD","14200","C033","M003","22:19","APP"
"2026-01-06","T001006","CARD","FOOD","11900","C048","M004","22:33","WEB"
"2026-01-07","T000225","CARD","GROCERY","36800","C048","M011","07:32","STORE"
"2026-01-07","T000099","CARD","CAFE","10700","C038","M006","09:03","STORE"
"2026-01-07","T001017","CARD","GROCERY","46900","C058","M012","09:40","WEB"
"2026-01-07","T000420","CARD","GROCERY","55300","C048","M011","12:45","STORE"
"2026-01-07","T000439","CARD","CAFE","8900","C040","M005","12:54","STORE"
"2026-01-07","T001047","CARD","GROCERY","69000","C043","M012","13:26","WEB"
"2026-01-07","T000377","CARD","GROCERY","70800","C006","M012","13:28","STORE"
"2026-01-07","T000033","CARD","LEISURE","65800","C032","M024","13:51","STORE"
"2026-01-07","T000489","CARD","TRANSPORT","11800","C015","M014","18:49","STORE"
"2026-01-07","T001110","CARD","GROCERY","59300","C046","M012","19:44","STORE"
"2026-01-07","T000744","CARD","TRANSPORT","14900","C011","M015","20:00","STORE"
"2026-01-07","T000598","CARD","FOOD","26800","C007","M002","21:58","STORE"
"2026-01-08","T001169","CARD","EDUCATION","59300","C054","M034","07:19","APP"
"2026-01-08","T001173","CARD","CAFE","3600","C001","M005","08:07","STORE"
"2026-01-08","T000954","CARD","FOOD","21400","C005","M002","08:41","WEB"
"2026-01-08","T000115","CARD","FOOD","22300","C023","M001","09:09","STORE"
"2026-01-08","T000597","CARD","TRANSPORT","20200","C022","M014","09:32","STORE"
"2026-01-08","T001156","CARD","GROCERY","18800","C026","M010","11:09","APP"
"2026-01-08","T000431","CARD","GROCERY","341600","C022","M012","22:05","APP"
"2026-01-09","T000406","TRANSFER","EDUCATION","75600","C057","M035","07:55","WEB"
"2026-01-09","T001200","CARD","LEISURE","34600","C036","M024","12:50","STORE"
"2026-01-09","T000883","CARD","SHOPPING","50600","C018","M018","18:23","WEB"
"2026-01-09","T000507","CARD","CAFE","6800","C047","M007","18:54","STORE"
"2026-01-09","T000376","CARD","FOOD","26400","C022","M001","22:16","APP"
"2026-01-10","T000186","CARD","SHOPPING","113100","C042","M019","10:07","APP"
"2026-01-10","T001083","CARD","FOOD","28400","C018","M001","11:46","WEB"
"2026-01-10","T000917","CARD","SHOPPING","44500","C040","M020","13:04","APP"
"2026-01-10","T000124","CARD","FOOD","18100","C047","M002","13:28","APP"
"2026-01-10","T001019","CARD","SUBSCRIPTION","13400","C022","M026","14:39","STORE"
"2026-01-10","T000427","TRANSFER","SUBSCRIPTION","193500","C013","M025","15:18","APP"
"2026-01-10","T000931","CARD","FOOD","17000","C050","M004","21:31","APP"
"2026-01-11","T000155","CARD","FOOD","8900","C046","M001","10:56","STORE"
"2026-01-11","T000074","TRANSFER","SUBSCRIPTION","13100","C011","M026","15:45","STORE"
"2026-01-11","T000717","CARD","FOOD","17200","C002","M003","16:04","APP"
"2026-01-11","T000405","CARD","FOOD","26600","C041","M001","16:58","WEB"
"2026-01-11","T000590","CARD","TRANSPORT","17400","C008","M015","18:56","WEB"
"2026-01-11","T000664","CARD","HEALTH","10600","C025","M029","19:51","WEB"
"2026-01-11","T000522","CARD","LEISURE","52900","C022","M021","21:04","WEB"
"2026-01-12","T000726","CARD","FOOD","25900","C017","M003","08:09","STORE"
"2026-01-12","T001167","CARD","SUBSCRIPTION","277200","C048","M025","09:23","APP"
"2026-01-12","T000573","CARD","FOOD","22500","C010","M004","09:31","STORE"
"2026-01-12","T000792","CARD","TRANSPORT","6000","C054","M015","19:15","STORE"
"2026-01-12","T000287","CARD","CAFE","9300","C027","M006","19:26","STORE"
"2026-01-13","T000361","CARD","GROCERY","56800","C056","M012","11:27","STORE"
"2026-01-13","T001020","CARD","SHOPPING","121400","C025","M018","12:11","APP"
"2026-01-13","T000264","CARD","SHOPPING","22000","C012","M020","13:57","WEB"
"2026-01-13","T000328","CARD","TRANSPORT","13300","C024","M014","18:09","WEB"
"2026-01-13","T000034","CARD","SUBSCRIPTION","10100","C007","M026","18:30","APP"
"2026-01-13","T001055","CARD","FOOD","11400","C005","M003","21:35","APP"
"2026-01-13","T000524","CARD","FOOD","27200","C031","M001","21:47","WEB"
"2026-01-14","T000281","CARD","SHOPPING","35700","C027","M019","07:21","APP"
"2026-01-14","T000888","CARD","CAFE","8500","C045","M006","07:45","APP"
"2026-01-14","T000705","CARD","SHOPPING","153800","C009","M020","12:48","APP"
"2026-01-14","T001038","CARD","SUBSCRIPTION","10300","C025","M025","13:35","APP"
"2026-01-14","T000044","CARD","GROCERY","32700","C048","M012","19:04","STORE"
"2026-01-14","T000945","CARD","TRANSPORT","11200","C042","M016","21:01","STORE"
"2026-01-15","T000540","CARD","CAFE","8900","C016","M008","09:07","WEB"
"2026-01-15","T000456","CARD","FOOD","10900","C034","M002","11:01","STORE"
"2026-01-15","T001114","CARD","HEALTH","59700","C017","M030","11:46","APP"
"2026-01-15","T000147","CARD","GROCERY","62800","C008","M011","12:07","WEB"
"2026-01-15","T000280","CARD","LEISURE","89700","C027","M023","13:10","WEB"
"2026-01-15","T000776","CARD","TRANSPORT","18300","C031","M013","19:56","WEB"
"2026-01-15","T000107","CARD","HEALTH","46000","C045","M030","20:29","STORE"
"2026-01-16","T000183","CARD","FOOD","16900","C057","M002","08:35","APP"
"2026-01-16","T000584","CARD","HEALTH","36500","C028","M030","09:37","WEB"
"2026-01-16","T000606","CARD","CAFE","4600","C021","M007","11:46","WEB"
"2026-01-16","T000856","CARD","GROCERY","60400","C007","M009","18:59","APP"
"2026-01-16","T001099","TRANSFER","SUBSCRIPTION","228200","C027","M028","19:26","WEB"
"2026-01-16","T001107","CARD","FOOD","12200","C042","M002","22:15","WEB"
"2026-01-17","T000049","CARD","FOOD","18600","C040","M001","10:06","APP"
"2026-01-17","T000469","CARD","FOOD","23700","C035","M002","11:11","WEB"
"2026-01-17","T000032","CARD","FOOD","16800","C009","M004","15:16","APP"
"2026-01-17","T000757","CARD","FOOD","23700","C005","M004","16:39","WEB"
"2026-01-17","T000859","CARD","EDUCATION","71000","C035","M035","17:45","WEB"
"2026-01-18","T000662","CARD","GROCERY","64400","C003","M010","10:01","STORE"
"2026-01-18","T000261","TRANSFER","EDUCATION","36000","C020","M033","10:50","WEB"
"2026-01-18","T000210","CARD","SHOPPING","32200","C001","M020","11:36","APP"
"2026-01-18","T000240","CARD","EDUCATION","90000","C041","M036","11:46","STORE"
"2026-01-18","T000975","CARD","GROCERY","66000","C003","M011","12:15","WEB"
"2026-01-18","T000728","TRANSFER","EDUCATION","38900","C055","M033","12:34","STORE"
"2026-01-18","T000097","CARD","FOOD","14700","C008","M001","14:06","APP"
"2026-01-18","T000712","CARD","TRANSPORT","5300","C055","M016","14:37","APP"
"2026-01-18","T000248","CARD","TRANSPORT","21000","C048","M016","15:08","STORE"
"2026-01-18","T001159","CARD","LEISURE","44800","C041","M023","16:57","WEB"
"2026-01-18","T000909","CARD","GROCERY","58800","C005","M012","19:48","WEB"
"2026-01-19","T000737","CARD","SUBSCRIPTION","194400","C058","M028","07:42","STORE"
"2026-01-19","T000561","CARD","GROCERY","18500","C008","M012","11:34","APP"
"2026-01-19","T000434","CARD","TRANSPORT","19600","C025","M015","11:51","APP"
"2026-01-19","T000448","CARD","GROCERY","20900","C045","M011","21:05","WEB"
"2026-01-19","T000231","CARD","FOOD","10600","C058","M002","21:42","APP"
"2026-01-19","T000734","CARD","FOOD","20600","C025","M004","21:44","APP"
"2026-01-20","T000902","CARD","LEISURE","62700","C058","M022","09:33","STORE"
"2026-01-20","T000704","CARD","GROCERY","56200","C024","M011","13:08","WEB"
"2026-01-21","T001007","CARD","TRANSPORT","2900","C050","M015","07:39","STORE"
"2026-01-21","T000787","CARD","GROCERY","50700","C024","M009","08:13","WEB"
"2026-01-21","T001086","CARD","TRANSPORT","19600","C032","M014","09:41","WEB"
"2026-01-21","T001154","CARD","GROCERY","37400","C054","M009","11:21","WEB"
"2026-01-21","T000852","CARD","SUBSCRIPTION","18100","C005","M025","12:38","APP"
"2026-01-21","T001058","CARD","SHOPPING","110000","C041","M017","13:07","APP"
"2026-01-21","T000980","CARD","CAFE","10000","C046","M007","13:30","STORE"
"2026-01-21","T000016","CARD","FOOD","13200","C052","M003","18:03","WEB"
"2026-01-21","T000394","CARD","FOOD","17700","C053","M003","18:50","WEB"
"2026-01-21","T000512","CARD","TRANSPORT","14800","C008","M014","20:33","STORE"
"2026-01-21","T000500","TRANSFER","EDUCATION","74500","C012","M033","21:33","WEB"
"2026-01-21","T001119","CARD","SHOPPING","81200","C037","M020","21:35","APP"
"2026-01-21","T000781","CARD","TRANSPORT","18000","C038","M016","21:46","WEB"
"2026-01-22","T000577","CARD","FOOD","26800","C016","M003","07:49","STORE"
"2026-01-22","T000648","CARD","FOOD","28000","C009","M004","08:05","STORE"
"2026-01-22","T000441","CARD","GROCERY","65600","C005","M012","09:49","WEB"
"2026-01-22","T000758","CARD","LEISURE","77400","C044","M021","11:33","STORE"
"2026-01-22","T000873","CARD","CAFE","8600","C060","M007","13:45","APP"
"2026-01-22","T000093","CARD","TRANSPORT","16200","C051","M015","19:20","APP"
"2026-01-22","T000819","CARD","HEALTH","14000","C004","M031","19:40","APP"
"2026-01-22","T000929","CARD","CAFE","9000","C042","M005","20:39","STORE"
"2026-01-22","T000809","CARD","FOOD","8100","C013","M001","21:38","APP"
"2026-01-22","T000060","CARD","GROCERY","48800","C046","M012","22:40","STORE"
"2026-01-23","T000957","CARD","GROCERY","46600","C053","M010","07:39","WEB"
"2026-01-23","T000326","CARD","SHOPPING","82000","C034","M018","13:32","STORE"
"2026-01-23","T000235","CARD","EDUCATION","34100","C029","M036","13:47","STORE"
"2026-01-23","T001012","CARD","HEALTH","47700","C003","M030","18:55","APP"
"2026-01-23","T000444","TRANSFER","SUBSCRIPTION","10900","C034","M026","21:39","WEB"
"2026-01-23","T000937","CARD","SHOPPING","100000","C031","M017","21:52","WEB"
"2026-01-23","T000932","CARD","LEISURE","23000","C053","M022","22:34","WEB"
"2026-01-24","T000163","CARD","SUBSCRIPTION","11600","C049","M025","11:55","APP"
"2026-01-24","T000602","CARD","HEALTH","49300","C045","M032","14:30","WEB"
"2026-01-24","T000837","CARD","GROCERY","28900","C010","M009","14:41","WEB"
"2026-01-25","T000741","CARD","FOOD","485800","C060","M004","10:36","WEB"
"2026-01-25","T000236","CARD","SHOPPING","81100","C026","M018","11:51","WEB"
"2026-01-25","T001031","CARD","LEISURE","44100","C003","M024","12:35","APP"
"2026-01-25","T000553","CARD","SUBSCRIPTION","6400","C011","M026","14:41","APP"
"2026-01-25","T000111","CARD","FOOD","13600","C038","M002","14:56","WEB"
"2026-01-25","T000290","CARD","FOOD","21000","C013","M001","16:28","APP"
"2026-01-25","T000223","TRANSFER","SUBSCRIPTION","6100","C024","M025","17:06","STORE"
"2026-01-25","T000342","CARD","FOOD","12200","C039","M001","17:41","STORE"
"2026-01-25","T000570","CARD","LEISURE","70100","C032","M024","19:12","WEB"
"2026-01-25","T000039","CARD","FOOD","28900","C011","M002","19:45","STORE"
"2026-01-25","T000748","CARD","SHOPPING","52800","C029","M017","20:28","WEB"
"2026-01-25","T000020","CARD","GROCERY","48300","C049","M012","20:32","WEB"
"2026-01-26","T000127","CARD","FOOD","20600","C028","M001","07:36","STORE"
"2026-01-26","T000187","CARD","GROCERY","37800","C005","M010","08:48","STORE"
"2026-01-26","T000219","CARD","CAFE","6800","C014","M005","19:28","WEB"
"2026-01-26","T000189","CARD","FOOD","11700","C055","M004","20:17","WEB"
"2026-01-27","T000059","TRANSFER","SUBSCRIPTION","12200","C041","M027","09:17","STORE"
"2026-01-27","T000352","CARD","GROCERY","73200","C012","M012","09:49","WEB"
"2026-01-27","T000799","CARD","TRANSPORT","5400","C011","M013","12:34","APP"
"2026-01-27","T001065","CARD","LEISURE","50200","C049","M022","13:06","APP"
"2026-01-27","T000479","CARD","SHOPPING","67500","C046","M018","18:07","STORE"
"2026-01-27","T000762","CARD","TRANSPORT","16800","C014","M013","18:55","APP"
"2026-01-27","T000381","CARD","GROCERY","386200","C055","M012","20:41","STORE"
"2026-01-27","T000688","CARD","HEALTH","22000","C058","M030","22:13","STORE"
"2026-01-28","T000339","CARD","SHOPPING","78300","C022","M020","07:27","WEB"
"2026-01-28","T000019","CARD","EDUCATION","75600","C006","M036","11:21","STORE"
"2026-01-28","T000091","CARD","SHOPPING","90800","C053","M017","20:17","APP"
"2026-01-28","T000808","CARD","EDUCATION","192600","C011","M034","22:11","STORE"
"2026-01-29","T000079","CARD","FOOD","22100","C004","M004","07:42","STORE"
"2026-01-29","T001050","CARD","FOOD","18200","C035","M002","11:50","APP"
"2026-01-29","T001187","CARD","GROCERY","37400","C048","M012","13:43","APP"
"2026-01-29","T000077","CARD","TRANSPORT","14900","C055","M014","13:53","WEB"
"2026-01-29","T001016","CARD","CAFE","8200","C053","M006","18:40","STORE"
"2026-01-30","T000344","CARD","GROCERY","62100","C017","M011","07:07","STORE"
"2026-01-30","T000181","CARD","GROCERY","69400","C037","M011","09:18","APP"
"2026-01-30","T000253","CARD","GROCERY","15300","C014","M010","09:29","STORE"
"2026-01-30","T000130","CARD","FOOD","24200","C048","M004","11:10","WEB"
"2026-01-30","T000893","CARD","TRANSPORT","19700","C056","M014","12:04","APP"
"2026-01-30","T000803","CARD","GROCERY","48500","C025","M009","12:18","WEB"
"2026-01-30","T000810","CARD","FOOD","19100","C056","M003","12:29","STORE"
"2026-01-30","T001128","CARD","GROCERY","54700","C033","M010","13:18","STORE"
"2026-01-30","T000273","CARD","GROCERY","24200","C007","M010","13:55","APP"
"2026-01-30","T001158","CARD","HEALTH","42300","C021","M032","18:25","WEB"
"2026-01-30","T001067","CARD","EDUCATION","23900","C041","M033","18:27","STORE"
"2026-01-31","T001177","CARD","GROCERY","71900","C010","M009","10:21","WEB"
"2026-01-31","T000775","CARD","LEISURE","91500","C056","M024","12:04","WEB"
"2026-01-31","T000633","CARD","SUBSCRIPTION","286100","C042","M025","12:38","APP"
"2026-01-31","T001143","CARD","TRANSPORT","170600","C009","M013","13:02","APP"
"2026-01-31","T000164","CARD","CAFE","8300","C052","M006","14:24","APP"
"2026-01-31","T001186","CARD","GROCERY","45200","C055","M010","20:20","STORE"
"2026-01-31","T000446","CARD","TRANSPORT","1600","C011","M014","20:45","STORE"
"2026-02-02","T000715","CARD","CAFE","3700","C004","M005","07:02","WEB"
"2026-02-02","T000208","CARD","LEISURE","72800","C046","M023","09:23","WEB"
"2026-02-02","T000601","CARD","CAFE","7400","C022","M008","11:36","WEB"
"2026-02-02","T000064","CARD","EDUCATION","43900","C036","M034","18:55","WEB"
"2026-02-02","T000816","CARD","FOOD","24900","C046","M003","19:27","WEB"
"2026-02-02","T000119","CARD","TRANSPORT","5400","C037","M015","22:18","STORE"
"2026-02-03","T000639","CARD","GROCERY","26800","C037","M011","09:18","APP"
"2026-02-03","T001087","CARD","FOOD","13400","C002","M002","11:26","WEB"
"2026-02-03","T000879","CARD","TRANSPORT","19500","C025","M013","13:32","STORE"
"2026-02-03","T001064","CARD","GROCERY","30600","C052","M009","13:53","APP"
"2026-02-03","T000007","CARD","FOOD","29100","C037","M002","21:47","STORE"
"2026-02-03","T000294","CARD","FOOD","15800","C037","M004","21:48","APP"
"2026-02-03","T000450","CARD","SHOPPING","75000","C027","M017","22:17","STORE"
"2026-02-04","T000706","CARD","FOOD","11600","C053","M004","08:19","APP"
"2026-02-04","T000508","CARD","FOOD","10300","C023","M002","13:03","WEB"
"2026-02-04","T000870","CARD","CAFE","7000","C033","M008","13:54","APP"
"2026-02-04","T001164","CARD","CAFE","4600","C012","M005","21:54","APP"
"2026-02-04","T000145","CARD","LEISURE","79300","C023","M023","21:55","STORE"
"2026-02-04","T001198","CARD","FOOD","25100","C005","M002","22:53","WEB"
"2026-02-05","T000340","CARD","FOOD","9700","C036","M002","07:23","WEB"
"2026-02-05","T000387","CARD","FOOD","12800","C020","M001","08:18","WEB"
"2026-02-05","T000305","CARD","FOOD","27500","C049","M003","09:34","STORE"
"2026-02-05","T001056","CARD","SHOPPING","36500","C053","M017","09:45","STORE"
"2026-02-05","T001027","CARD","FOOD","12100","C047","M001","12:02","APP"
"2026-02-05","T000679","CARD","GROCERY","23900","C042","M010","18:03","APP"
"2026-02-05","T000199","CARD","FOOD","23400","C034","M001","19:28","STORE"
"2026-02-06","T001079","CARD","SUBSCRIPTION","16800","C020","M026","07:27","WEB"
"2026-02-06","T000877","CARD","CAFE","5000","C012","M005","09:35","STORE"
"2026-02-06","T000995","CARD","TRANSPORT","19100","C001","M014","12:34","STORE"
"2026-02-06","T001078","CARD","GROCERY","43200","C018","M010","18:07","APP"
"2026-02-06","T001022","CARD","CAFE","8300","C016","M005","18:31","APP"
"2026-02-06","T001094","CARD","TRANSPORT","11000","C006","M013","19:38","APP"
"2026-02-06","T000913","CARD","CAFE","10900","C039","M006","20:53","APP"
"2026-02-06","T001001","CARD","HEALTH","33600","C004","M032","20:55","APP"
"2026-02-06","T000104","CARD","HEALTH","46400","C041","M029","21:12","APP"
"2026-02-07","T001059","CARD","SHOPPING","270900","C058","M018","12:31","STORE"
"2026-02-07","T000404","CARD","LEISURE","71700","C023","M022","13:41","WEB"
"2026-02-07","T000015","CARD","CAFE","6800","C016","M006","14:29","APP"
"2026-02-07","T001077","CARD","CAFE","10700","C058","M008","16:00","STORE"
"2026-02-07","T000552","CARD","SHOPPING","96000","C004","M018","19:28","WEB"
"2026-02-07","T000038","CARD","SHOPPING","55500","C035","M017","21:49","APP"
"2026-02-08","T000429","CARD","FOOD","11100","C048","M002","12:55","APP"
"2026-02-08","T000714","CARD","GROCERY","18100","C036","M012","13:36","APP"
"2026-02-08","T000608","CARD","FOOD","21000","C047","M001","14:23","STORE"
"2026-02-08","T000100","CARD","FOOD","15200","C042","M002","14:33","APP"
"2026-02-08","T001163","CARD","GROCERY","64400","C016","M012","19:44","APP"
"2026-02-08","T000354","CARD","GROCERY","73400","C001","M011","21:34","STORE"
"2026-02-09","T000491","CARD","TRANSPORT","14900","C032","M015","08:04","APP"
"2026-02-09","T000723","CARD","TRANSPORT","15300","C046","M015","09:24","STORE"
"2026-02-09","T000557","CARD","SHOPPING","540700","C050","M019","12:22","STORE"
"2026-02-09","T000952","CARD","GROCERY","559600","C054","M012","12:27","STORE"
"2026-02-09","T000786","CARD","TRANSPORT","7900","C046","M013","13:43","WEB"
"2026-02-09","T000615","CARD","FOOD","24700","C032","M004","19:25","APP"
"2026-02-10","T000719","CARD","FOOD","26300","C045","M001","07:09","WEB"
"2026-02-10","T000375","CARD","FOOD","15200","C052","M001","08:22","WEB"
"2026-02-10","T000126","CARD","CAFE","4200","C059","M008","12:13","APP"
"2026-02-10","T000436","CARD","HEALTH","57200","C018","M030","19:33","STORE"
"2026-02-10","T000769","CARD","FOOD","25200","C023","M002","19:57","STORE"
"2026-02-10","T000144","CARD","FOOD","22900","C044","M002","20:09","APP"
"2026-02-10","T001028","CARD","FOOD","9500","C022","M001","20:38","STORE"
"2026-02-10","T000465","CARD","TRANSPORT","16200","C015","M015","22:24","STORE"
"2026-02-11","T000987","CARD","HEALTH","53600","C052","M031","07:39","STORE"
"2026-02-11","T000043","CARD","CAFE","10400","C047","M005","11:27","STORE"
"2026-02-11","T000554","CARD","FOOD","12600","C016","M002","12:00","STORE"
"2026-02-11","T000796","CARD","GROCERY","47000","C052","M012","13:55","STORE"
"2026-02-11","T000346","CARD","HEALTH","26400","C012","M029","19:35","APP"
"2026-02-11","T000673","CARD","GROCERY","18700","C009","M011","20:34","APP"
"2026-02-11","T000322","CARD","TRANSPORT","9400","C012","M013","21:02","APP"
"2026-02-11","T000195","CARD","LEISURE","64000","C009","M024","22:20","APP"
"2026-02-11","T000413","CARD","SUBSCRIPTION","9100","C001","M026","22:20","STORE"
"2026-02-12","T000849","CARD","LEISURE","58300","C031","M024","07:14","STORE"
"2026-02-12","T000055","CARD","SHOPPING","133600","C035","M019","07:16","APP"
"2026-02-12","T001009","CARD","TRANSPORT","13700","C037","M016","08:39","STORE"
"2026-02-12","T000678","CARD","GROCERY","59300","C030","M011","08:52","APP"
"2026-02-12","T000343","CARD","FOOD","11100","C046","M003","11:37","WEB"
"2026-02-12","T000687","CARD","HEALTH","347400","C021","M032","13:05","STORE"
"2026-02-12","T000897","CARD","TRANSPORT","14900","C035","M016","13:13","STORE"
"2026-02-12","T000967","CARD","GROCERY","22700","C038","M012","19:54","WEB"
"2026-02-12","T000416","CARD","LEISURE","25900","C025","M023","20:37","WEB"
"2026-02-12","T001008","CARD","GROCERY","23500","C014","M010","20:55","APP"
"2026-02-12","T000176","CARD","TRANSPORT","14600","C059","M016","22:27","STORE"
"2026-02-13","T000306","CARD","CAFE","10400","C052","M008","08:19","APP"
"2026-02-13","T000896","CARD","LEISURE","18300","C033","M023","09:36","STORE"
"2026-02-13","T000027","CARD","FOOD","12600","C035","M002","12:51","WEB"
"2026-02-13","T000463","CARD","TRANSPORT","280100","C004","M015","18:30","APP"
"2026-02-13","T000848","TRANSFER","EDUCATION","88500","C030","M035","22:15","STORE"
"2026-02-14","T000402","CARD","GROCERY","59700","C007","M012","11:12","WEB"
"2026-02-14","T000864","CARD","CAFE","4900","C010","M008","14:06","STORE"
"2026-02-14","T000713","CARD","GROCERY","37800","C011","M010","14:25","APP"
"2026-02-14","T000300","CARD","FOOD","29500","C043","M004","17:43","WEB"
"2026-02-14","T000875","CARD","CAFE","5700","C004","M007","19:38","APP"
"2026-02-14","T000547","CARD","LEISURE","77000","C051","M023","20:15","STORE"
"2026-02-14","T000531","CARD","CAFE","10500","C057","M008","21:40","STORE"
"2026-02-15","T001037","CARD","CAFE","9100","C057","M007","13:00","WEB"
"2026-02-15","T000488","CARD","GROCERY","29500","C021","M009","16:47","APP"
"2026-02-15","T000358","CARD","SUBSCRIPTION","440400","C014","M027","17:05","STORE"
"2026-02-15","T000624","CARD","HEALTH","32400","C052","M029","17:30","APP"
"2026-02-15","T000194","CARD","GROCERY","53100","C002","M012","17:43","WEB"
"2026-02-16","T000559","CARD","TRANSPORT","12400","C003","M015","07:14","STORE"
"2026-02-16","T000397","CARD","SHOPPING","105600","C005","M019","07:50","APP"
"2026-02-16","T000156","CARD","EDUCATION","92400","C054","M036","07:59","APP"
"2026-02-16","T000686","CARD","FOOD","13700","C011","M004","11:36","WEB"
"2026-02-16","T001148","CARD","SUBSCRIPTION","154800","C056","M027","13:31","STORE"
"2026-02-16","T000066","CARD","CAFE","8300","C052","M006","13:52","STORE"
"2026-02-16","T000101","CARD","FOOD","9900","C030","M001","18:54","APP"
"2026-02-17","T000123","CARD","FOOD","20200","C058","M004","07:46","STORE"
"2026-02-17","T000650","CARD","FOOD","24300","C002","M004","11:49","WEB"
"2026-02-17","T001176","CARD","LEISURE","72000","C037","M023","13:50","STORE"
"2026-02-17","T000191","CARD","LEISURE","93200","C044","M022","18:26","WEB"
"2026-02-17","T001182","CARD","CAFE","5100","C038","M006","19:10","WEB"
"2026-02-17","T000784","CARD","GROCERY","64800","C023","M009","19:51","STORE"
"2026-02-17","T000965","CARD","FOOD","23200","C050","M004","22:44","APP"
"2026-02-18","T000867","CARD","CAFE","5100","C041","M005","09:06","APP"
"2026-02-18","T000764","CARD","TRANSPORT","264100","C020","M015","09:09","STORE"
"2026-02-18","T000065","CARD","FOOD","27000","C029","M003","12:11","WEB"
"2026-02-18","T000005","CARD","FOOD","23600","C060","M004","12:57","STORE"
"2026-02-18","T000871","CARD","TRANSPORT","15900","C006","M014","13:45","WEB"
"2026-02-18","T000753","CARD","LEISURE","25700","C023","M021","18:35","STORE"
"2026-02-18","T001052","CARD","GROCERY","40400","C006","M009","22:42","WEB"
"2026-02-19","T001010","CARD","FOOD","12600","C035","M001","11:43","STORE"
"2026-02-19","T000497","CARD","LEISURE","25200","C022","M023","12:12","APP"
"2026-02-19","T000308","CARD","GROCERY","28500","C016","M011","12:58","STORE"
"2026-02-19","T000204","CARD","TRANSPORT","4700","C057","M013","18:02","APP"
"2026-02-19","T000621","CARD","GROCERY","34800","C013","M012","19:03","APP"
"2026-02-19","T001108","TRANSFER","EDUCATION","99600","C028","M036","19:30","STORE"
"2026-02-19","T001178","CARD","GROCERY","50400","C005","M009","19:50","WEB"
"2026-02-20","T000426","CARD","FOOD","8600","C021","M004","08:52","WEB"
"2026-02-20","T000970","CARD","FOOD","11800","C025","M002","09:30","STORE"
"2026-02-20","T000207","TRANSFER","SUBSCRIPTION","9300","C010","M027","12:22","STORE"
"2026-02-20","T001194","CARD","FOOD","10400","C037","M004","18:35","APP"
"2026-02-20","T000061","CARD","FOOD","15900","C025","M002","19:55","STORE"
"2026-02-20","T000086","TRANSFER","SUBSCRIPTION","5500","C038","M025","20:35","WEB"
"2026-02-20","T000014","CARD","SUBSCRIPTION","17900","C019","M026","21:31","APP"
"2026-02-21","T000311","CARD","GROCERY","31600","C042","M012","14:04","WEB"
"2026-02-21","T000918","CARD","FOOD","16000","C026","M002","14:40","WEB"
"2026-02-21","T000950","CARD","FOOD","17300","C059","M004","15:26","STORE"
"2026-02-21","T000827","CARD","GROCERY","64200","C035","M012","17:33","APP"
"2026-02-21","T001150","CARD","SHOPPING","125700","C010","M020","18:12","STORE"
"2026-02-22","T000498","CARD","FOOD","13700","C027","M001","10:13","STORE"
"2026-02-22","T000953","CARD","CAFE","6600","C037","M005","10:56","WEB"
"2026-02-22","T000806","CARD","SHOPPING","128300","C018","M020","11:14","WEB"
"2026-02-22","T000926","CARD","CAFE","3600","C014","M005","11:43","APP"
"2026-02-22","T000537","CARD","CAFE","8300","C031","M007","13:20","APP"
"2026-02-22","T000159","CARD","FOOD","24700","C025","M001","14:17","WEB"
"2026-02-22","T000037","TRANSFER","SUBSCRIPTION","16600","C034","M025","14:59","STORE"
"2026-02-22","T000511","CARD","HEALTH","28600","C035","M032","15:03","APP"
"2026-02-22","T000683","CARD","GROCERY","56900","C030","M012","16:02","APP"
"2026-02-22","T000833","CARD","SHOPPING","113900","C058","M018","19:27","APP"
"2026-02-22","T001076","CARD","FOOD","21700","C032","M004","20:15","APP"
"2026-02-23","T000724","CARD","FOOD","9900","C044","M003","07:31","STORE"
"2026-02-23","T000880","CARD","FOOD","12100","C012","M001","11:44","WEB"
"2026-02-23","T001136","CARD","FOOD","10400","C006","M001","18:08","STORE"
"2026-02-23","T000246","CARD","SHOPPING","533600","C035","M018","19:35","APP"
"2026-02-23","T000317","CARD","FOOD","13500","C018","M003","19:55","WEB"
"2026-02-23","T000203","CARD","SHOPPING","93600","C050","M017","19:57","WEB"
"2026-02-24","T000869","CARD","CAFE","5600","C058","M006","13:34","WEB"
"2026-02-24","T001051","CARD","FOOD","9500","C058","M001","20:07","WEB"
"2026-02-24","T000644","CARD","FOOD","25800","C031","M001","20:36","STORE"
"2026-02-25","T000072","CARD","FOOD","253000","C032","M002","08:35","WEB"
"2026-02-25","T000960","CARD","EDUCATION","76100","C019","M036","13:06","WEB"
"2026-02-25","T001025","TRANSFER","SUBSCRIPTION","16300","C058","M026","13:40","APP"
"2026-02-25","T000533","CARD","LEISURE","89400","C017","M022","20:11","STORE"
"2026-02-25","T000711","TRANSFER","SUBSCRIPTION","4900","C034","M026","21:39","APP"
"2026-02-25","T000220","CARD","FOOD","17000","C050","M001","22:02","APP"
"2026-02-25","T000292","CARD","LEISURE","74100","C041","M022","22:34","APP"
"2026-02-25","T000973","CARD","TRANSPORT","17900","C004","M015","22:55","STORE"
"2026-02-26","T000206","CARD","GROCERY","61300","C039","M012","11:29","WEB"
"2026-02-26","T000820","CARD","SUBSCRIPTION","20100","C014","M027","19:20","STORE"
"2026-02-27","T000262","CARD","FOOD","18300","C002","M002","07:08","APP"
"2026-02-27","T000844","CARD","LEISURE","83300","C017","M022","12:21","STORE"
"2026-02-27","T000031","CARD","FOOD","214000","C009","M002","18:55","STORE"
"2026-02-27","T000182","CARD","GROCERY","33200","C021","M011","19:23","APP"
"2026-02-27","T000985","CARD","FOOD","29200","C038","M004","20:53","WEB"
"2026-02-28","T001185","CARD","GROCERY","43700","C016","M012","14:40","WEB"
"2026-02-28","T000470","CARD","GROCERY","30100","C045","M009","16:15","WEB"
"2026-02-28","T001014","CARD","CAFE","7100","C047","M006","19:24","APP"
"2026-02-28","T000727","CARD","GROCERY","45200","C059","M010","20:18","APP"
"2026-02-28","T000697","CARD","HEALTH","54200","C014","M031","20:32","WEB"
"2026-02-28","T000277","CARD","CAFE","3700","C020","M006","20:46","STORE"
"2026-03-01","T000422","CARD","GROCERY","33000","C033","M009","10:26","WEB"
"2026-03-01","T001046","CARD","FOOD","21800","C038","M002","11:39","WEB"
"2026-03-01","T000484","CARD","FOOD","16300","C048","M002","14:01","APP"
"2026-03-01","T001188","CARD","SUBSCRIPTION","21500","C015","M028","16:20","APP"
"2026-03-01","T000029","CARD","GROCERY","41000","C006","M011","16:53","WEB"
"2026-03-01","T000707","CARD","GROCERY","50800","C049","M011","17:32","STORE"
"2026-03-01","T000136","CARD","GROCERY","29200","C009","M010","19:54","STORE"
"2026-03-01","T000026","CARD","FOOD","21800","C008","M004","20:39","APP"
"2026-03-02","T001160","CARD","SUBSCRIPTION","17900","C051","M028","07:11","APP"
"2026-03-02","T000886","CARD","FOOD","17300","C058","M004","18:29","APP"
"2026-03-02","T000095","CARD","HEALTH","14300","C039","M030","19:46","WEB"
"2026-03-02","T001089","CARD","FOOD","23800","C022","M001","22:06","APP"
"2026-03-03","T000794","CARD","SHOPPING","30300","C034","M017","12:29","STORE"
"2026-03-03","T000944","CARD","TRANSPORT","10800","C009","M013","12:31","APP"
"2026-03-03","T000146","CARD","SHOPPING","126000","C016","M020","12:42","WEB"
"2026-03-03","T000050","CARD","GROCERY","46500","C048","M009","13:58","STORE"
"2026-03-03","T001171","CARD","TRANSPORT","6100","C058","M014","21:22","WEB"
"2026-03-03","T000171","CARD","GROCERY","40700","C059","M010","22:39","STORE"
"2026-03-04","T000211","CARD","SUBSCRIPTION","17700","C046","M027","12:10","STORE"
"2026-03-04","T000232","CARD","GROCERY","32700","C010","M012","18:06","APP"
"2026-03-04","T000216","CARD","TRANSPORT","3800","C056","M013","19:38","APP"
"2026-03-05","T000347","CARD","SUBSCRIPTION","12700","C027","M028","11:13","STORE"
"2026-03-05","T000196","CARD","FOOD","12800","C053","M004","18:17","STORE"
"2026-03-05","T000228","TRANSFER","EDUCATION","49800","C049","M035","20:30","APP"
"2026-03-05","T000981","CARD","CAFE","4200","C038","M006","21:16","APP"
"2026-03-05","T000288","CARD","SHOPPING","95300","C028","M020","22:53","WEB"
"2026-03-06","T000270","CARD","FOOD","19000","C012","M004","07:52","STORE"
"2026-03-06","T000334","CARD","TRANSPORT","17900","C015","M014","08:19","WEB"
"2026-03-06","T000098","CARD","HEALTH","42400","C032","M029","19:20","WEB"
"2026-03-06","T000675","CARD","TRANSPORT","11800","C008","M014","20:26","STORE"
"2026-03-06","T001195","CARD","TRANSPORT","4200","C027","M013","20:30","WEB"
"2026-03-07","T000988","CARD","CAFE","6400","C025","M006","10:28","APP"
"2026-03-07","T000754","CARD","TRANSPORT","12400","C054","M016","11:45","WEB"
"2026-03-07","T000318","CARD","CAFE","9800","C044","M008","12:33","WEB"
"2026-03-07","T000166","CARD","FOOD","24400","C018","M003","12:44","APP"
"2026-03-07","T000752","CARD","GROCERY","53400","C044","M010","13:27","WEB"
"2026-03-07","T000401","CARD","LEISURE","39600","C029","M022","15:26","APP"
"2026-03-07","T000407","CARD","CAFE","8400","C053","M008","18:41","APP"
"2026-03-08","T000515","CARD","TRANSPORT","14500","C041","M015","11:18","STORE"
"2026-03-08","T000718","CARD","GROCERY","74100","C036","M009","11:33","WEB"
"2026-03-08","T001138","CARD","SHOPPING","52700","C049","M019","14:19","APP"
"2026-03-08","T000672","CARD","FOOD","27200","C026","M004","16:21","WEB"
"2026-03-08","T000088","CARD","GROCERY","71500","C025","M012","18:14","STORE"
"2026-03-08","T000544","CARD","LEISURE","63700","C060","M023","18:18","APP"
"2026-03-08","T000081","CARD","FOOD","14900","C016","M001","18:43","WEB"
"2026-03-09","T000685","CARD","FOOD","21100","C035","M002","18:39","STORE"
"2026-03-09","T000587","CARD","GROCERY","27600","C052","M010","19:51","STORE"
"2026-03-09","T000035","TRANSFER","EDUCATION","73900","C055","M034","21:55","WEB"
"2026-03-10","T000168","CARD","FOOD","18700","C007","M003","11:07","APP"
"2026-03-10","T000506","CARD","HEALTH","28500","C047","M031","11:16","STORE"
"2026-03-11","T000501","CARD","FOOD","450300","C043","M003","09:40","STORE"
"2026-03-11","T000997","CARD","FOOD","26400","C038","M001","11:22","WEB"
"2026-03-11","T000993","CARD","GROCERY","18300","C006","M009","13:03","STORE"
"2026-03-11","T000862","CARD","HEALTH","17500","C051","M031","13:35","STORE"
"2026-03-11","T001021","CARD","TRANSPORT","8300","C046","M014","18:05","STORE"
"2026-03-11","T000162","CARD","GROCERY","55400","C055","M009","18:33","APP"
"2026-03-11","T000964","CARD","FOOD","15000","C029","M003","22:46","WEB"
"2026-03-12","T000409","CARD","HEALTH","17800","C030","M030","07:03","STORE"
"2026-03-12","T001080","CARD","FOOD","21700","C032","M003","07:15","APP"
"2026-03-12","T000817","CARD","FOOD","27700","C052","M003","07:46","STORE"
"2026-03-12","T000076","CARD","CAFE","7300","C036","M005","08:43","STORE"
"2026-03-12","T000881","CARD","GROCERY","57100","C005","M009","22:38","STORE"
"2026-03-13","T000278","CARD","FOOD","23800","C035","M002","12:46","APP"
"2026-03-13","T000011","CARD","TRANSPORT","3200","C016","M015","13:29","STORE"
"2026-03-13","T000906","CARD","GROCERY","59000","C045","M010","18:16","STORE"
"2026-03-13","T000749","CARD","TRANSPORT","4300","C021","M016","20:04","WEB"
"2026-03-13","T000443","CARD","FOOD","19100","C020","M002","21:45","APP"
"2026-03-14","T000047","CARD","SUBSCRIPTION","8400","C037","M025","10:02","WEB"
"2026-03-14","T000692","CARD","LEISURE","55300","C054","M022","10:19","WEB"
"2026-03-14","T000272","CARD","SHOPPING","39400","C055","M020","11:14","APP"
"2026-03-14","T000592","CARD","TRANSPORT","9700","C024","M015","11:56","STORE"
"2026-03-14","T000073","CARD","FOOD","10700","C056","M004","12:00","WEB"
"2026-03-14","T000703","TRANSFER","EDUCATION","42200","C044","M033","12:02","STORE"
"2026-03-14","T000137","TRANSFER","SUBSCRIPTION","11800","C037","M027","14:52","WEB"
"2026-03-14","T000974","CARD","GROCERY","39800","C011","M011","15:37","WEB"
"2026-03-15","T000167","CARD","FOOD","19700","C020","M004","10:40","STORE"
"2026-03-15","T001062","CARD","CAFE","5100","C030","M006","12:21","STORE"
"2026-03-15","T001091","CARD","SHOPPING","54500","C001","M017","14:23","APP"
"2026-03-15","T000275","CARD","FOOD","26500","C054","M004","14:49","STORE"
"2026-03-15","T000078","CARD","GROCERY","20000","C016","M009","15:32","APP"
"2026-03-15","T000842","CARD","CAFE","8200","C052","M007","15:55","STORE"
"2026-03-15","T000030","CARD","HEALTH","64600","C056","M030","19:34","STORE"
"2026-03-15","T000175","CARD","FOOD","21000","C048","M001","19:57","APP"
"2026-03-16","T000955","CARD","LEISURE","90700","C001","M022","13:30","APP"
"2026-03-16","T000152","CARD","TRANSPORT","9600","C003","M013","13:59","APP"
"2026-03-16","T000671","TRANSFER","SUBSCRIPTION","18700","C038","M026","21:48","WEB"
"2026-03-16","T000645","TRANSFER","EDUCATION","98200","C006","M036","21:56","APP"
"2026-03-16","T000866","CARD","CAFE","3600","C036","M005","22:28","WEB"
"2026-03-17","T000578","CARD","FOOD","28300","C060","M003","09:55","WEB"
"2026-03-17","T000853","CARD","CAFE","5700","C029","M005","19:51","APP"
"2026-03-17","T000257","CARD","GROCERY","36700","C025","M011","20:35","STORE"
"2026-03-17","T000634","CARD","FOOD","11500","C028","M002","20:49","STORE"
"2026-03-18","T001137","CARD","CAFE","10600","C057","M007","20:22","APP"
"2026-03-18","T000976","CARD","FOOD","25400","C015","M004","20:43","WEB"
"2026-03-18","T000299","CARD","TRANSPORT","12900","C043","M016","20:44","STORE"
"2026-03-18","T000797","CARD","FOOD","19300","C052","M001","21:58","STORE"
"2026-03-19","T000110","CARD","SUBSCRIPTION","12300","C003","M027","09:39","WEB"
"2026-03-19","T001033","CARD","TRANSPORT","13200","C029","M016","12:58","WEB"
"2026-03-19","T000583","CARD","CAFE","7000","C046","M008","19:29","APP"
"2026-03-19","T001015","CARD","SHOPPING","75000","C041","M017","19:56","APP"
"2026-03-19","T000135","CARD","HEALTH","19200","C042","M032","21:20","STORE"
"2026-03-19","T000622","CARD","GROCERY","37300","C054","M010","22:11","STORE"
"2026-03-20","T000682","CARD","LEISURE","93000","C037","M021","08:28","APP"
"2026-03-20","T000337","CARD","SHOPPING","85100","C036","M020","08:50","WEB"
"2026-03-20","T000467","CARD","FOOD","11600","C042","M003","12:34","WEB"
"2026-03-20","T000920","CARD","GROCERY","41200","C045","M011","13:55","APP"
"2026-03-20","T000478","CARD","LEISURE","43300","C031","M021","20:30","WEB"
"2026-03-20","T000961","CARD","HEALTH","30000","C023","M031","20:39","STORE"
"2026-03-20","T000627","CARD","GROCERY","37300","C055","M010","21:15","STORE"
"2026-03-21","T000312","CARD","SHOPPING","24400","C031","M019","10:09","WEB"
"2026-03-21","T000943","CARD","FOOD","8300","C039","M003","11:53","STORE"
"2026-03-21","T000798","CARD","CAFE","6600","C013","M006","12:24","WEB"
"2026-03-21","T000835","TRANSFER","EDUCATION","33100","C044","M034","18:22","WEB"
"2026-03-21","T000831","CARD","LEISURE","32800","C008","M022","18:44","WEB"
"2026-03-21","T000366","CARD","LEISURE","84500","C047","M021","19:49","STORE"
"2026-03-22","T000667","CARD","SUBSCRIPTION","9900","C005","M027","10:41","APP"
"2026-03-22","T000991","CARD","FOOD","20800","C008","M003","11:57","WEB"
"2026-03-22","T001109","TRANSFER","SUBSCRIPTION","14000","C020","M027","13:49","STORE"
"2026-03-22","T000791","CARD","SHOPPING","139500","C049","M020","18:23","WEB"
"2026-03-23","T000927","CARD","GROCERY","48100","C053","M012","18:11","WEB"
"2026-03-23","T000558","CARD","SHOPPING","58500","C025","M017","18:14","APP"
"2026-03-23","T000736","CARD","FOOD","20400","C001","M001","19:49","STORE"
"2026-03-23","T000812","CARD","SHOPPING","24300","C006","M019","20:45","APP"
"2026-03-24","T000345","CARD","LEISURE","92800","C058","M022","09:17","WEB"
"2026-03-24","T000526","CARD","SUBSCRIPTION","7700","C032","M025","13:51","WEB"
"2026-03-25","T000372","CARD","LEISURE","28900","C036","M024","08:09","APP"
"2026-03-25","T000777","CARD","CAFE","5900","C032","M005","08:27","WEB"
"2026-03-25","T000090","CARD","FOOD","11200","C054","M003","08:50","APP"
"2026-03-25","T001147","CARD","SHOPPING","48800","C028","M017","09:04","STORE"
"2026-03-25","T000369","CARD","GROCERY","43300","C057","M009","18:04","APP"
"2026-03-26","T000925","CARD","GROCERY","42300","C013","M010","11:18","APP"
"2026-03-26","T000581","CARD","FOOD","13200","C010","M003","11:52","WEB"
"2026-03-26","T001005","CARD","CAFE","10300","C037","M005","12:15","WEB"
"2026-03-26","T000440","CARD","FOOD","28500","C034","M004","13:07","APP"
"2026-03-26","T000013","CARD","FOOD","8300","C036","M001","19:11","APP"
"2026-03-26","T000325","CARD","LEISURE","34800","C009","M022","22:02","APP"
"2026-03-27","T000471","CARD","FOOD","20200","C024","M004","08:32","WEB"
"2026-03-27","T001142","CARD","FOOD","15900","C030","M004","09:13","APP"
"2026-03-27","T000638","CARD","HEALTH","8600","C047","M029","09:51","APP"
"2026-03-27","T000555","CARD","HEALTH","15600","C043","M032","11:18","STORE"
"2026-03-27","T000378","CARD","SUBSCRIPTION","18600","C016","M026","13:54","WEB"
"2026-03-27","T000197","CARD","GROCERY","42400","C045","M009","21:17","WEB"
"2026-03-28","T000140","CARD","FOOD","12900","C055","M001","11:10","APP"
"2026-03-28","T000209","CARD","HEALTH","48800","C046","M029","11:13","APP"
"2026-03-28","T001054","CARD","TRANSPORT","10500","C059","M014","11:43","STORE"
"2026-03-28","T000661","CARD","FOOD","26900","C006","M003","12:49","APP"
"2026-03-28","T000138","CARD","FOOD","11000","C055","M003","21:07","STORE"
"2026-03-29","T000242","CARD","FOOD","22900","C057","M004","10:16","STORE"
"2026-03-29","T000504","CARD","TRANSPORT","8200","C019","M015","13:18","APP"
"2026-03-29","T000828","CARD","TRANSPORT","8000","C031","M014","14:07","STORE"
"2026-03-29","T000949","CARD","GROCERY","49500","C019","M012","16:27","APP"
"2026-03-29","T000157","CARD","GROCERY","54100","C020","M011","17:11","STORE"
"2026-03-29","T000062","CARD","TRANSPORT","19200","C020","M013","17:21","STORE"
"2026-03-30","T000782","CARD","GROCERY","34500","C018","M010","07:30","WEB"
"2026-03-30","T000483","TRANSFER","SUBSCRIPTION","12000","C015","M025","08:16","STORE"
"2026-03-30","T001174","TRANSFER","SUBSCRIPTION","9900","C041","M027","09:20","WEB"
"2026-03-30","T000230","CARD","SHOPPING","246200","C047","M018","11:22","STORE"
"2026-03-30","T001168","CARD","GROCERY","23900","C013","M011","13:24","APP"
"2026-03-30","T000822","CARD","SUBSCRIPTION","22300","C028","M026","19:41","APP"
"2026-03-30","T000983","CARD","SUBSCRIPTION","20900","C010","M026","20:20","APP"
"2026-03-30","T000546","CARD","FOOD","17200","C013","M004","20:49","STORE"
"2026-03-31","T000487","CARD","GROCERY","42800","C005","M010","12:23","APP"
"2026-03-31","T000302","CARD","CAFE","6700","C029","M007","12:28","STORE"
"2026-03-31","T000113","CARD","FOOD","15400","C003","M001","12:33","APP"
"2026-03-31","T001103","CARD","HEALTH","11300","C052","M032","13:06","STORE"
"2026-03-31","T000024","CARD","CAFE","9500","C003","M008","19:10","WEB"
"2026-03-31","T000400","CARD","FOOD","16100","C009","M004","19:28","WEB"
"2026-03-31","T000458","CARD","GROCERY","52100","C043","M011","21:37","STORE"
"2026-03-31","T000291","CARD","LEISURE","68200","C049","M022","21:49","APP"
"2026-04-01","T000179","CARD","FOOD","16400","C024","M003","07:24","STORE"
"2026-04-01","T000669","CARD","FOOD","16000","C031","M004","07:29","WEB"
"2026-04-01","T000605","CARD","TRANSPORT","5200","C040","M014","07:58","WEB"
"2026-04-01","T000237","CARD","SUBSCRIPTION","6000","C003","M027","12:38","APP"
"2026-04-01","T000618","CARD","GROCERY","69200","C049","M011","13:06","STORE"
"2026-04-01","T000386","CARD","CAFE","5600","C017","M005","13:44","APP"
"2026-04-01","T001061","CARD","TRANSPORT","14700","C017","M014","19:15","APP"
"2026-04-01","T001126","CARD","FOOD","24300","C006","M003","20:18","APP"
"2026-04-01","T001152","CARD","FOOD","14600","C017","M002","21:20","APP"
"2026-04-01","T000825","CARD","TRANSPORT","8500","C019","M013","22:46","WEB"
"2026-04-01","T000818","CARD","FOOD","13200","C029","M004","22:47","WEB"
"2026-04-02","T000691","CARD","FOOD","8900","C003","M001","07:25","WEB"
"2026-04-02","T001120","CARD","FOOD","17000","C041","M003","07:45","APP"
"2026-04-02","T000666","CARD","SHOPPING","35900","C055","M020","08:09","WEB"
"2026-04-02","T000490","CARD","FOOD","28600","C017","M003","08:24","STORE"
"2026-04-02","T000224","CARD","CAFE","7700","C049","M006","08:57","APP"
"2026-04-02","T000562","CARD","CAFE","6300","C047","M008","09:21","STORE"
"2026-04-02","T000227","CARD","FOOD","27400","C041","M002","12:08","WEB"
"2026-04-02","T000438","CARD","CAFE","8600","C043","M008","13:19","STORE"
"2026-04-02","T000857","CARD","FOOD","25700","C003","M003","19:30","STORE"
"2026-04-02","T000637","CARD","FOOD","421900","C014","M002","22:09","APP"
"2026-04-02","T001002","CARD","TRANSPORT","9700","C037","M015","22:37","APP"
"2026-04-03","T000165","TRANSFER","SUBSCRIPTION","18300","C054","M027","07:56","APP"
"2026-04-03","T000863","CARD","GROCERY","530100","C037","M012","09:30","STORE"
"2026-04-03","T000695","CARD","FOOD","11100","C026","M002","11:18","APP"
"2026-04-03","T000106","CARD","FOOD","19300","C022","M001","13:28","STORE"
"2026-04-03","T000276","CARD","TRANSPORT","8200","C052","M015","19:11","APP"
"2026-04-03","T000998","CARD","FOOD","19700","C045","M003","19:48","APP"
"2026-04-03","T001113","CARD","HEALTH","25800","C035","M032","20:20","WEB"
"2026-04-03","T000999","CARD","EDUCATION","21500","C020","M034","21:02","APP"
"2026-04-03","T000002","CARD","FOOD","27400","C006","M002","21:35","APP"
"2026-04-03","T001036","CARD","LEISURE","85900","C013","M023","22:05","WEB"
"2026-04-04","T001095","CARD","CAFE","7700","C033","M008","13:30","WEB"
"2026-04-04","T000096","CARD","GROCERY","66000","C005","M010","13:40","APP"
"2026-04-04","T000114","CARD","FOOD","17600","C056","M001","17:32","APP"
"2026-04-04","T001117","CARD","FOOD","9400","C060","M001","17:58","STORE"
"2026-04-04","T000008","CARD","GROCERY","37800","C046","M009","19:57","APP"
"2026-04-04","T001093","CARD","FOOD","15600","C047","M003","20:30","STORE"
"2026-04-04","T000710","CARD","GROCERY","65900","C044","M012","20:41","STORE"
"2026-04-05","T000495","CARD","FOOD","9100","C041","M003","10:01","WEB"
"2026-04-05","T001118","CARD","GROCERY","67300","C034","M011","11:22","STORE"
"2026-04-05","T000563","CARD","FOOD","12900","C004","M003","12:10","STORE"
"2026-04-05","T000876","CARD","TRANSPORT","9800","C043","M016","12:23","STORE"
"2026-04-05","T000421","CARD","LEISURE","18300","C018","M023","17:19","APP"
"2026-04-05","T000419","CARD","CAFE","215300","C049","M007","17:27","STORE"
"2026-04-05","T001104","CARD","FOOD","17600","C060","M003","21:27","STORE"
"2026-04-05","T000338","CARD","HEALTH","57400","C045","M031","21:38","WEB"
"2026-04-06","T000282","CARD","CAFE","7300","C012","M007","07:42","APP"
"2026-04-06","T000549","CARD","LEISURE","37400","C043","M023","09:49","APP"
"2026-04-06","T000674","CARD","GROCERY","20900","C022","M010","12:34","APP"
"2026-04-06","T000689","CARD","HEALTH","11700","C013","M030","21:23","STORE"
"2026-04-06","T001115","CARD","EDUCATION","34000","C044","M033","22:26","STORE"
"2026-04-07","T000371","CARD","CAFE","11000","C052","M007","08:20","WEB"
"2026-04-07","T000986","CARD","TRANSPORT","8000","C048","M015","18:24","WEB"
"2026-04-07","T000721","CARD","SHOPPING","135600","C056","M018","19:50","STORE"
"2026-04-07","T001170","TRANSFER","SUBSCRIPTION","14200","C045","M025","20:10","APP"
"2026-04-07","T000582","CARD","CAFE","10400","C002","M008","22:12","WEB"
"2026-04-07","T000568","CARD","LEISURE","45100","C021","M024","22:29","APP"
"2026-04-08","T000428","CARD","CAFE","3600","C036","M006","08:59","STORE"
"2026-04-08","T001092","CARD","GROCERY","42800","C054","M012","12:29","WEB"
"2026-04-08","T001026","CARD","SHOPPING","113300","C019","M019","19:02","WEB"
"2026-04-08","T000480","CARD","CAFE","4200","C025","M007","20:02","STORE"
"2026-04-08","T000177","CARD","SUBSCRIPTION","20500","C014","M028","20:26","APP"
"2026-04-08","T000630","CARD","EDUCATION","48500","C044","M034","21:34","WEB"
"2026-04-08","T001127","CARD","GROCERY","43000","C024","M012","21:54","APP"
"2026-04-08","T000414","CARD","GROCERY","20900","C034","M009","22:07","APP"
"2026-04-09","T000494","CARD","SHOPPING","20400","C052","M020","09:57","APP"
"2026-04-09","T000172","CARD","TRANSPORT","15300","C012","M015","13:39","APP"
"2026-04-09","T000874","CARD","TRANSPORT","332600","C012","M013","18:55","APP"
"2026-04-09","T000934","CARD","LEISURE","45600","C015","M024","19:02","APP"
"2026-04-09","T001123","CARD","FOOD","17200","C035","M003","21:37","STORE"
"2026-04-09","T001155","CARD","FOOD","11200","C059","M004","21:39","WEB"
"2026-04-09","T000617","CARD","GROCERY","30000","C030","M011","21:50","APP"
"2026-04-09","T000036","CARD","CAFE","4400","C020","M006","22:42","STORE"
"2026-04-10","T000657","CARD","HEALTH","20700","C028","M031","07:41","STORE"
"2026-04-10","T000519","CARD","LEISURE","46800","C025","M024","13:54","WEB"
"2026-04-10","T000977","CARD","TRANSPORT","15300","C007","M016","19:55","WEB"
"2026-04-10","T000894","CARD","CAFE","7000","C031","M006","20:36","APP"
"2026-04-10","T000202","CARD","SHOPPING","54900","C040","M019","20:56","APP"
"2026-04-10","T000919","CARD","GROCERY","68800","C039","M009","21:18","STORE"
"2026-04-10","T000731","CARD","FOOD","25000","C048","M004","21:23","APP"
"2026-04-10","T000813","CARD","FOOD","11300","C026","M004","21:38","STORE"
"2026-04-11","T000481","CARD","SUBSCRIPTION","22800","C033","M025","11:30","APP"
"2026-04-11","T000392","CARD","TRANSPORT","12400","C036","M015","13:03","WEB"
"2026-04-11","T000349","CARD","LEISURE","46200","C047","M023","16:04","STORE"
"2026-04-11","T000040","CARD","GROCERY","69400","C005","M011","17:04","WEB"
"2026-04-11","T000042","CARD","HEALTH","17900","C049","M029","18:56","APP"
"2026-04-11","T000410","CARD","GROCERY","60300","C009","M010","19:57","APP"
"2026-04-11","T000548","CARD","SHOPPING","47200","C042","M018","20:51","STORE"
"2026-04-12","T000418","CARD","SHOPPING","36100","C046","M020","10:43","WEB"
"2026-04-12","T001063","CARD","LEISURE","73100","C036","M022","16:23","APP"
"2026-04-12","T000564","CARD","GROCERY","71600","C058","M011","16:48","APP"
"2026-04-12","T000461","CARD","FOOD","11100","C059","M002","17:21","WEB"
"2026-04-12","T001112","CARD","GROCERY","22000","C028","M012","18:49","STORE"
"2026-04-12","T000509","CARD","GROCERY","38900","C048","M010","19:14","APP"
"2026-04-12","T000543","CARD","LEISURE","41900","C045","M022","19:59","WEB"
"2026-04-12","T000462","CARD","SUBSCRIPTION","18100","C059","M026","20:07","APP"
"2026-04-13","T000028","CARD","FOOD","23100","C010","M001","07:28","APP"
"2026-04-13","T000331","CARD","SUBSCRIPTION","21200","C026","M025","08:44","WEB"
"2026-04-13","T000830","CARD","SHOPPING","107200","C012","M017","09:08","STORE"
"2026-04-13","T000510","CARD","SUBSCRIPTION","8800","C002","M027","09:16","WEB"
"2026-04-13","T001060","CARD","FOOD","16400","C043","M002","11:00","APP"
"2026-04-13","T000120","CARD","SUBSCRIPTION","558000","C055","M028","11:40","STORE"
"2026-04-13","T000259","CARD","SHOPPING","127900","C035","M019","12:40","APP"
"2026-04-13","T000502","CARD","FOOD","29600","C008","M004","12:52","APP"
"2026-04-13","T000160","CARD","FOOD","14800","C001","M001","12:55","APP"
"2026-04-13","T000614","CARD","FOOD","22000","C031","M003","13:35","STORE"
"2026-04-13","T001043","CARD","FOOD","10100","C034","M004","13:57","APP"
"2026-04-13","T001084","CARD","CAFE","5100","C056","M005","18:21","APP"
"2026-04-13","T000611","CARD","HEALTH","30400","C043","M030","19:33","WEB"
"2026-04-13","T000556","CARD","HEALTH","25600","C037","M031","20:00","WEB"
"2026-04-13","T000355","CARD","GROCERY","41500","C026","M011","21:35","APP"
"2026-04-13","T000009","CARD","TRANSPORT","15800","C013","M014","22:05","STORE"
"2026-04-14","T000056","CARD","TRANSPORT","1700","C021","M014","09:05","APP"
"2026-04-14","T000238","CARD","TRANSPORT","19300","C014","M013","12:52","WEB"
"2026-04-14","T001189","CARD","FOOD","21000","C015","M004","13:00","STORE"
"2026-04-14","T000640","CARD","LEISURE","251100","C017","M024","13:59","WEB"
"2026-04-14","T000632","CARD","SUBSCRIPTION","5500","C033","M025","19:01","STORE"
"2026-04-14","T000389","CARD","EDUCATION","106200","C032","M034","20:10","APP"
"2026-04-15","T000486","CARD","FOOD","10100","C060","M004","07:10","STORE"
"2026-04-15","T000314","CARD","FOOD","24800","C018","M002","11:09","APP"
"2026-04-15","T000807","CARD","FOOD","9900","C041","M001","11:42","WEB"
"2026-04-15","T000956","CARD","FOOD","15700","C032","M003","18:41","STORE"
"2026-04-15","T000536","CARD","GROCERY","38900","C032","M012","18:57","STORE"
"2026-04-15","T001179","CARD","GROCERY","40600","C045","M012","19:01","WEB"
"2026-04-15","T000801","CARD","GROCERY","48400","C020","M010","19:46","STORE"
"2026-04-15","T000623","CARD","CAFE","7200","C054","M008","20:35","WEB"
"2026-04-15","T001184","CARD","SUBSCRIPTION","21300","C012","M027","22:22","WEB"
"2026-04-16","T001053","CARD","FOOD","23300","C002","M002","07:22","APP"
"2026-04-16","T000521","TRANSFER","SUBSCRIPTION","325800","C017","M027","08:44","APP"
"2026-04-16","T000505","CARD","FOOD","193900","C029","M003","09:12","APP"
"2026-04-16","T000838","CARD","FOOD","189200","C039","M001","19:19","WEB"
"2026-04-16","T000393","CARD","GROCERY","43300","C026","M010","19:28","STORE"
"2026-04-16","T000915","CARD","FOOD","8100","C005","M002","19:44","APP"
"2026-04-16","T000192","CARD","FOOD","28200","C051","M004","20:00","WEB"
"2026-04-16","T000475","CARD","FOOD","12600","C050","M003","20:30","WEB"
"2026-04-16","T000003","CARD","FOOD","17600","C013","M001","21:18","APP"
"2026-04-17","T000768","CARD","FOOD","22900","C010","M001","08:20","WEB"
"2026-04-17","T000631","CARD","FOOD","27700","C024","M001","12:46","WEB"
"2026-04-17","T000244","CARD","SUBSCRIPTION","21800","C024","M027","13:04","APP"
"2026-04-18","T000379","CARD","GROCERY","41000","C054","M009","10:10","WEB"
"2026-04-18","T000898","CARD","GROCERY","54400","C046","M011","13:10","STORE"
"2026-04-18","T000709","CARD","GROCERY","56800","C007","M010","14:59","WEB"
"2026-04-18","T000788","CARD","FOOD","12100","C023","M001","18:17","APP"
"2026-04-19","T000651","CARD","FOOD","26800","C051","M001","16:01","APP"
"2026-04-19","T001161","CARD","FOOD","10900","C015","M001","17:19","APP"
"2026-04-19","T000939","CARD","GROCERY","50300","C015","M012","18:18","APP"
"2026-04-19","T001034","CARD","HEALTH","24100","C031","M029","18:35","WEB"
"2026-04-19","T001183","CARD","CAFE","8900","C024","M007","21:49","WEB"
"2026-04-19","T000304","CARD","FOOD","21000","C006","M003","21:53","APP"
"2026-04-20","T000432","CARD","CAFE","8000","C059","M005","07:34","APP"
"2026-04-20","T000978","CARD","FOOD","12500","C049","M003","09:24","APP"
"2026-04-20","T000188","TRANSFER","SUBSCRIPTION","21600","C027","M025","09:25","WEB"
"2026-04-20","T000451","CARD","TRANSPORT","1800","C038","M014","09:59","STORE"
"2026-04-20","T001135","CARD","GROCERY","48900","C037","M011","11:59","STORE"
"2026-04-20","T000293","CARD","SHOPPING","77700","C058","M017","12:39","WEB"
"2026-04-20","T000329","CARD","CAFE","422800","C040","M005","12:41","WEB"
"2026-04-20","T000134","CARD","CAFE","7300","C038","M007","13:06","WEB"
"2026-04-20","T000364","CARD","SHOPPING","41000","C002","M017","13:51","STORE"
"2026-04-20","T000652","CARD","SHOPPING","33800","C044","M019","20:07","APP"
"2026-04-20","T000928","CARD","EDUCATION","93100","C032","M033","21:16","WEB"
"2026-04-20","T000442","CARD","GROCERY","38500","C040","M012","22:18","WEB"
"2026-04-20","T000759","CARD","FOOD","24500","C043","M001","22:19","STORE"
"2026-04-20","T000904","CARD","LEISURE","45500","C017","M021","22:38","WEB"
"2026-04-21","T000517","CARD","LEISURE","57400","C019","M023","08:25","WEB"
"2026-04-21","T000083","CARD","CAFE","6200","C006","M005","11:43","WEB"
"2026-04-21","T000594","TRANSFER","EDUCATION","60200","C054","M036","11:44","WEB"
"2026-04-21","T000763","CARD","SUBSCRIPTION","19900","C020","M026","11:51","STORE"
"2026-04-21","T000948","CARD","SHOPPING","105100","C041","M017","11:57","STORE"
"2026-04-21","T000454","CARD","SUBSCRIPTION","8700","C045","M027","12:53","STORE"
"2026-04-21","T000052","CARD","GROCERY","17800","C016","M009","13:26","WEB"
"2026-04-21","T000836","CARD","FOOD","10700","C034","M001","19:48","WEB"
"2026-04-21","T000760","CARD","SHOPPING","31900","C031","M019","21:05","WEB"
"2026-04-21","T000449","CARD","CAFE","10500","C012","M008","22:10","STORE"
"2026-04-21","T000516","CARD","TRANSPORT","2800","C026","M014","22:13","STORE"
"2026-04-22","T000247","CARD","GROCERY","42500","C005","M012","07:11","STORE"
"2026-04-22","T000149","TRANSFER","SUBSCRIPTION","13100","C051","M027","08:06","APP"
"2026-04-22","T000665","CARD","GROCERY","74600","C059","M009","11:48","WEB"
"2026-04-22","T000105","CARD","FOOD","17900","C022","M004","11:58","APP"
"2026-04-22","T000616","CARD","HEALTH","212900","C028","M032","19:15","WEB"
"2026-04-22","T000612","CARD","SHOPPING","564300","C020","M017","20:35","STORE"
"2026-04-22","T000921","CARD","FOOD","15800","C014","M003","21:46","STORE"
"2026-04-23","T001193","CARD","SHOPPING","56100","C060","M018","11:26","APP"
"2026-04-23","T001172","CARD","GROCERY","35600","C055","M012","12:14","APP"
"2026-04-23","T000532","CARD","FOOD","17900","C040","M004","12:51","WEB"
"2026-04-23","T000628","CARD","LEISURE","47200","C003","M021","18:39","APP"
"2026-04-23","T000740","CARD","LEISURE","58400","C044","M024","19:06","STORE"
"2026-04-23","T000586","TRANSFER","SUBSCRIPTION","21100","C060","M027","19:35","APP"
"2026-04-23","T000001","CARD","GROCERY","38400","C055","M009","20:56","STORE"
"2026-04-23","T000477","CARD","EDUCATION","19600","C034","M033","21:08","STORE"
"2026-04-23","T000789","CARD","CAFE","4200","C028","M005","22:16","STORE"
"2026-04-23","T000525","CARD","FOOD","21800","C047","M001","22:58","STORE"
"2026-04-24","T000571","CARD","SUBSCRIPTION","5600","C027","M025","07:24","APP"
"2026-04-24","T000336","CARD","FOOD","23900","C011","M004","22:31","WEB"
"2026-04-25","T000403","CARD","FOOD","15000","C026","M004","10:00","WEB"
"2026-04-25","T001081","CARD","HEALTH","25000","C025","M031","11:11","STORE"
"2026-04-25","T000996","CARD","FOOD","12800","C043","M004","12:04","STORE"
"2026-04-25","T001013","CARD","TRANSPORT","10900","C007","M015","12:27","APP"
"2026-04-25","T000307","CARD","EDUCATION","74300","C050","M034","14:10","APP"
"2026-04-25","T000154","CARD","FOOD","8100","C048","M002","14:56","WEB"
"2026-04-25","T000374","CARD","GROCERY","39000","C009","M012","16:13","STORE"
"2026-04-25","T000528","CARD","SUBSCRIPTION","9000","C040","M028","16:31","WEB"
"2026-04-25","T000048","CARD","FOOD","8900","C052","M001","18:44","APP"
"2026-04-26","T001191","CARD","TRANSPORT","10800","C012","M015","16:02","WEB"
"2026-04-26","T000464","CARD","CAFE","5200","C046","M005","19:54","APP"
"2026-04-27","T000677","TRANSFER","EDUCATION","62400","C006","M036","07:27","APP"
"2026-04-27","T000201","CARD","GROCERY","54200","C047","M012","09:09","APP"
"2026-04-27","T001102","CARD","LEISURE","34800","C017","M021","09:40","WEB"
"2026-04-27","T000610","TRANSFER","SUBSCRIPTION","21300","C030","M026","11:38","STORE"
"2026-04-27","T000969","CARD","EDUCATION","54400","C038","M036","13:31","STORE"
"2026-04-27","T001190","CARD","GROCERY","15500","C039","M012","19:53","STORE"
"2026-04-27","T000215","CARD","GROCERY","67100","C054","M011","20:52","WEB"
"2026-04-27","T000108","CARD","HEALTH","38800","C020","M032","21:09","WEB"
"2026-04-27","T000609","CARD","FOOD","14700","C037","M002","21:46","APP"
"2026-04-28","T000017","CARD","EDUCATION","68400","C041","M036","07:11","WEB"
"2026-04-28","T000588","CARD","TRANSPORT","20500","C040","M016","07:40","APP"
"2026-04-28","T000180","CARD","FOOD","19000","C005","M003","09:30","APP"
"2026-04-28","T000118","CARD","LEISURE","54000","C033","M024","11:55","WEB"
"2026-04-28","T000233","CARD","FOOD","22900","C054","M002","13:39","APP"
"2026-04-28","T000265","CARD","FOOD","12900","C031","M004","20:13","WEB"
"2026-04-28","T000823","TRANSFER","SUBSCRIPTION","12800","C045","M027","21:39","APP"
"2026-04-28","T000069","CARD","CAFE","8000","C033","M005","22:05","WEB"
"2026-04-29","T000212","CARD","TRANSPORT","2700","C048","M014","09:23","WEB"
"2026-04-29","T000982","CARD","CAFE","10700","C038","M006","11:08","WEB"
"2026-04-29","T001134","CARD","CAFE","7700","C003","M006","13:53","STORE"
"2026-04-30","T000309","CARD","FOOD","24800","C005","M002","08:11","WEB"
"2026-04-30","T000301","CARD","FOOD","251300","C059","M001","09:18","APP"
"2026-04-30","T000681","CARD","FOOD","27500","C058","M002","12:24","STORE"
"2026-04-30","T000415","CARD","FOOD","13200","C027","M004","18:30","WEB"
"2026-04-30","T000684","CARD","FOOD","14400","C045","M003","18:51","APP"
"2026-04-30","T000968","CARD","CAFE","4500","C030","M008","20:12","WEB"
"2026-05-01","T001111","CARD","GROCERY","72700","C009","M011","11:22","APP"
"2026-05-01","T000591","CARD","GROCERY","53900","C024","M009","12:14","WEB"
"2026-05-01","T000940","CARD","CAFE","7200","C054","M007","18:08","STORE"
"2026-05-01","T000214","CARD","SHOPPING","43900","C007","M020","19:28","APP"
"2026-05-01","T000356","CARD","TRANSPORT","9300","C038","M013","19:29","APP"
"2026-05-01","T000513","CARD","FOOD","26700","C027","M002","20:21","WEB"
"2026-05-01","T000283","CARD","GROCERY","58700","C054","M009","22:21","APP"
"2026-05-02","T000958","CARD","SHOPPING","106600","C035","M019","10:14","APP"
"2026-05-02","T001100","CARD","SHOPPING","128400","C059","M020","10:37","STORE"
"2026-05-02","T000457","CARD","TRANSPORT","13300","C003","M013","10:39","STORE"
"2026-05-02","T000851","CARD","LEISURE","49500","C059","M022","15:41","STORE"
"2026-05-02","T000395","CARD","FOOD","26300","C015","M004","16:45","STORE"
"2026-05-02","T001125","CARD","TRANSPORT","5400","C027","M014","19:14","WEB"
"2026-05-02","T000161","CARD","TRANSPORT","13700","C044","M014","21:13","APP"
"2026-05-03","T001146","CARD","CAFE","5200","C041","M005","11:33","APP"
"2026-05-03","T000184","CARD","HEALTH","54000","C025","M031","13:19","STORE"
"2026-05-03","T000006","CARD","EDUCATION","102600","C041","M035","15:50","APP"
"2026-05-03","T000994","CARD","GROCERY","56200","C053","M011","18:09","APP"
"2026-05-03","T000447","CARD","FOOD","18500","C049","M002","19:03","STORE"
"2026-05-03","T000922","CARD","FOOD","13600","C060","M002","19:07","APP"
"2026-05-03","T000411","CARD","FOOD","22600","C003","M001","20:20","STORE"
"2026-05-03","T000696","CARD","SHOPPING","91200","C027","M018","20:20","STORE"
"2026-05-03","T000751","CARD","FOOD","24600","C006","M003","21:40","WEB"
"2026-05-04","T000824","CARD","LEISURE","46700","C034","M023","07:49","STORE"
"2026-05-04","T001000","CARD","FOOD","17100","C004","M004","07:50","STORE"
"2026-05-04","T000972","CARD","FOOD","13400","C016","M003","08:19","STORE"
"2026-05-04","T000198","CARD","FOOD","11400","C035","M002","09:09","APP"
"2026-05-04","T000368","CARD","HEALTH","37600","C019","M030","09:10","APP"
"2026-05-05","T000514","CARD","CAFE","3900","C053","M005","07:17","WEB"
"2026-05-05","T000256","CARD","FOOD","491100","C006","M003","08:21","APP"
"2026-05-05","T000861","CARD","FOOD","8700","C046","M002","08:34","WEB"
"2026-05-05","T000116","CARD","CAFE","7900","C034","M006","08:42","WEB"
"2026-05-05","T000243","CARD","HEALTH","51600","C007","M031","09:10","APP"
"2026-05-05","T000815","CARD","FOOD","28600","C004","M003","09:57","WEB"
"2026-05-05","T000433","CARD","FOOD","19600","C023","M004","12:21","WEB"
"2026-05-05","T000604","CARD","GROCERY","46500","C013","M012","18:49","APP"
"2026-05-05","T001030","CARD","HEALTH","61500","C059","M032","18:54","STORE"
"2026-05-05","T001133","CARD","CAFE","9600","C047","M005","19:30","WEB"
"2026-05-05","T000635","CARD","LEISURE","35600","C016","M024","20:14","APP"
"2026-05-05","T000173","CARD","FOOD","10700","C035","M001","21:42","APP"
"2026-05-06","T000655","CARD","CAFE","4000","C034","M007","09:23","WEB"
"2026-05-06","T001066","CARD","CAFE","5200","C044","M005","09:38","APP"
"2026-05-06","T000453","CARD","GROCERY","43500","C056","M012","20:52","STORE"
"2026-05-06","T001124","CARD","GROCERY","49700","C043","M012","22:57","WEB"
"2026-05-07","T000380","CARD","FOOD","16300","C034","M004","08:59","WEB"
"2026-05-07","T001074","CARD","HEALTH","11200","C044","M029","11:33","APP"
"2026-05-07","T000174","CARD","SHOPPING","77700","C057","M020","12:04","STORE"
"2026-05-07","T001105","CARD","HEALTH","27700","C042","M029","18:00","WEB"
"2026-05-07","T000323","CARD","FOOD","17600","C056","M002","18:17","APP"
"2026-05-07","T000560","CARD","GROCERY","69800","C009","M009","20:38","WEB"
"2026-05-08","T000132","CARD","CAFE","10100","C007","M007","07:25","STORE"
"2026-05-08","T000892","CARD","TRANSPORT","19200","C046","M014","09:50","STORE"
"2026-05-08","T000992","CARD","FOOD","23100","C045","M002","11:12","APP"
"2026-05-08","T000285","CARD","FOOD","18800","C056","M003","11:14","STORE"
"2026-05-08","T000840","CARD","SUBSCRIPTION","16700","C029","M027","18:36","WEB"
"2026-05-08","T000774","CARD","CAFE","5800","C055","M007","20:32","STORE"
"2026-05-08","T000899","CARD","GROCERY","52800","C018","M009","20:37","WEB"
"2026-05-08","T000765","CARD","SHOPPING","83600","C022","M019","20:43","APP"
"2026-05-08","T001068","CARD","SUBSCRIPTION","9300","C058","M025","22:14","APP"
"2026-05-08","T000647","CARD","TRANSPORT","19700","C033","M015","22:30","WEB"
"2026-05-09","T001023","CARD","CAFE","9600","C037","M006","12:13","APP"
"2026-05-09","T001042","CARD","SHOPPING","80400","C046","M019","13:08","STORE"
"2026-05-09","T000296","CARD","CAFE","7700","C028","M007","18:05","WEB"
"2026-05-09","T000518","CARD","GROCERY","18800","C006","M011","18:34","APP"
"2026-05-09","T000626","CARD","CAFE","10400","C029","M007","19:51","WEB"
"2026-05-09","T000868","CARD","FOOD","21900","C008","M004","21:18","APP"
"2026-05-10","T001197","CARD","GROCERY","35900","C029","M011","10:59","APP"
"2026-05-10","T000169","CARD","GROCERY","33300","C029","M012","12:46","APP"
"2026-05-10","T000574","CARD","TRANSPORT","10700","C009","M013","15:25","APP"
"2026-05-10","T000185","CARD","LEISURE","59800","C020","M021","16:11","STORE"
"2026-05-10","T001145","CARD","TRANSPORT","9800","C016","M013","16:39","APP"
"2026-05-10","T000268","CARD","SHOPPING","64100","C005","M019","19:47","APP"
"2026-05-11","T000603","CARD","SUBSCRIPTION","273100","C032","M025","11:48","WEB"
"2026-05-11","T000082","CARD","SUBSCRIPTION","8200","C044","M027","19:51","APP"
"2026-05-11","T000143","CARD","GROCERY","71000","C021","M012","21:40","STORE"
"2026-05-11","T000045","CARD","SUBSCRIPTION","20500","C040","M025","22:33","APP"
"2026-05-12","T000680","CARD","TRANSPORT","6300","C005","M016","08:10","WEB"
"2026-05-12","T001151","CARD","EDUCATION","65200","C048","M035","11:37","APP"
"2026-05-12","T000103","CARD","FOOD","14500","C057","M003","12:57","WEB"
"2026-05-12","T000771","CARD","GROCERY","23100","C021","M010","18:17","WEB"
"2026-05-12","T000916","CARD","SHOPPING","116900","C025","M018","18:17","APP"
"2026-05-12","T000933","CARD","SHOPPING","99100","C030","M018","19:12","WEB"
"2026-05-12","T000529","CARD","TRANSPORT","16300","C015","M015","21:23","STORE"
"2026-05-13","T000990","CARD","GROCERY","53700","C027","M012","08:45","STORE"
"2026-05-13","T000054","CARD","FOOD","22800","C024","M002","11:39","APP"
"2026-05-13","T000653","CARD","CAFE","7600","C027","M007","18:36","STORE"
"2026-05-13","T000452","CARD","SHOPPING","104300","C026","M018","19:20","WEB"
"2026-05-13","T000499","CARD","SHOPPING","111800","C013","M020","21:56","WEB"
"2026-05-14","T000350","CARD","FOOD","23900","C022","M002","07:06","WEB"
"2026-05-14","T000341","CARD","FOOD","11200","C020","M003","07:32","APP"
"2026-05-14","T000924","CARD","SHOPPING","139000","C027","M018","08:15","APP"
"2026-05-14","T000642","CARD","FOOD","17100","C007","M004","09:27","APP"
"2026-05-14","T000814","CARD","LEISURE","39200","C026","M021","11:04","STORE"
"2026-05-14","T000755","CARD","SUBSCRIPTION","7100","C009","M026","18:51","WEB"
"2026-05-14","T000767","CARD","GROCERY","42600","C028","M010","20:55","APP"
"2026-05-15","T000579","CARD","LEISURE","87400","C026","M024","18:23","APP"
"2026-05-15","T000367","CARD","FOOD","10100","C021","M002","18:38","WEB"
"2026-05-15","T000720","CARD","SHOPPING","135500","C034","M018","20:17","STORE"
"2026-05-16","T000129","CARD","FOOD","29200","C015","M001","10:05","APP"
"2026-05-16","T001116","CARD","FOOD","26200","C012","M003","11:12","STORE"
"2026-05-16","T000170","CARD","HEALTH","15500","C028","M031","12:27","STORE"
"2026-05-16","T000051","CARD","TRANSPORT","11600","C020","M015","16:25","WEB"
"2026-05-16","T000850","CARD","GROCERY","33000","C016","M011","18:00","WEB"
"2026-05-16","T000663","CARD","CAFE","7200","C014","M005","18:59","APP"
"2026-05-16","T000269","CARD","TRANSPORT","14100","C035","M013","19:30","APP"
"2026-05-16","T000567","CARD","EDUCATION","61500","C008","M035","20:02","APP"
"2026-05-17","T000658","CARD","TRANSPORT","19400","C011","M015","11:23","APP"
"2026-05-17","T000600","CARD","TRANSPORT","18700","C033","M014","11:28","STORE"
"2026-05-17","T000596","CARD","FOOD","19800","C021","M004","17:00","STORE"
"2026-05-17","T001024","CARD","SHOPPING","62000","C033","M019","19:11","WEB"
"2026-05-17","T000821","CARD","CAFE","7300","C028","M005","21:38","STORE"
"2026-05-18","T000092","CARD","FOOD","14700","C003","M002","08:52","STORE"
"2026-05-18","T000150","CARD","GROCERY","22200","C010","M011","13:24","WEB"
"2026-05-18","T000613","CARD","CAFE","10000","C020","M008","20:20","APP"
"2026-05-18","T000790","CARD","TRANSPORT","2700","C040","M015","20:37","WEB"
"2026-05-18","T000800","CARD","CAFE","4900","C040","M008","22:05","STORE"
"2026-05-19","T001129","CARD","HEALTH","390100","C043","M031","07:08","APP"
"2026-05-19","T000363","CARD","GROCERY","52900","C030","M012","12:39","APP"
"2026-05-19","T000408","CARD","FOOD","16800","C060","M003","13:25","STORE"
"2026-05-19","T000102","CARD","HEALTH","14700","C046","M031","18:15","WEB"
"2026-05-19","T000485","CARD","TRANSPORT","17000","C011","M013","19:19","WEB"
"2026-05-19","T000258","CARD","GROCERY","72600","C015","M009","20:32","APP"
"2026-05-19","T000739","CARD","GROCERY","31000","C059","M009","21:41","STORE"
"2026-05-19","T000266","CARD","CAFE","9800","C012","M007","22:03","STORE"
"2026-05-20","T000643","CARD","TRANSPORT","16600","C059","M013","07:28","APP"
"2026-05-20","T000178","CARD","GROCERY","53100","C011","M012","08:48","WEB"
"2026-05-20","T000959","CARD","HEALTH","516700","C047","M029","12:57","WEB"
"2026-05-20","T000951","CARD","SHOPPING","112500","C012","M019","19:56","STORE"
"2026-05-20","T000482","CARD","FOOD","29300","C028","M003","21:06","STORE"
"2026-05-21","T000979","CARD","CAFE","6500","C026","M006","09:00","STORE"
"2026-05-21","T000887","CARD","GROCERY","66000","C026","M012","11:27","APP"
"2026-05-21","T000474","CARD","EDUCATION","82700","C029","M033","13:07","STORE"
"2026-05-21","T001122","CARD","FOOD","20800","C039","M003","13:52","APP"
"2026-05-21","T000087","CARD","TRANSPORT","17100","C003","M013","18:54","APP"
"2026-05-21","T000004","CARD","GROCERY","44500","C041","M012","19:26","STORE"
"2026-05-21","T000576","CARD","FOOD","20200","C058","M003","20:41","APP"
"2026-05-22","T000430","CARD","GROCERY","70600","C022","M012","11:28","APP"
"2026-05-22","T000826","CARD","GROCERY","52800","C053","M011","13:37","WEB"
"2026-05-22","T000472","CARD","SHOPPING","43600","C005","M018","13:56","STORE"
"2026-05-22","T001180","CARD","HEALTH","52400","C029","M030","18:29","STORE"
"2026-05-22","T000493","CARD","SHOPPING","19900","C047","M019","18:56","APP"
"2026-05-22","T000793","CARD","FOOD","15500","C003","M002","22:52","APP"
"2026-05-23","T000445","CARD","FOOD","8700","C027","M002","13:08","STORE"
"2026-05-23","T000391","CARD","SUBSCRIPTION","7000","C052","M026","15:31","APP"
"2026-05-23","T000855","CARD","FOOD","20800","C026","M001","18:22","WEB"
"2026-05-24","T000213","CARD","SHOPPING","68100","C037","M017","14:53","STORE"
"2026-05-24","T000071","CARD","CAFE","6300","C031","M006","20:09","STORE"
"2026-05-24","T000335","CARD","FOOD","29800","C053","M001","21:03","STORE"
"2026-05-25","T001003","CARD","SHOPPING","77900","C055","M019","07:03","APP"
"2026-05-25","T001096","CARD","FOOD","29500","C046","M003","07:11","APP"
"2026-05-25","T000747","CARD","SHOPPING","316700","C057","M017","08:53","STORE"
"2026-05-25","T000022","CARD","GROCERY","59000","C024","M009","12:31","APP"
"2026-05-25","T000018","CARD","GROCERY","42100","C029","M011","13:18","WEB"
"2026-05-25","T001196","CARD","SHOPPING","71800","C043","M019","19:03","STORE"
"2026-05-25","T000313","CARD","CAFE","10200","C005","M008","20:33","STORE"
"2026-05-26","T000620","CARD","CAFE","8600","C040","M007","07:36","WEB"
"2026-05-26","T001082","CARD","TRANSPORT","2500","C028","M014","07:52","WEB"
"2026-05-26","T000802","CARD","GROCERY","30700","C008","M012","08:13","STORE"
"2026-05-26","T000882","CARD","GROCERY","50300","C031","M011","09:45","STORE"
"2026-05-26","T000370","CARD","GROCERY","74300","C009","M012","12:58","WEB"
"2026-05-26","T000551","CARD","GROCERY","27900","C026","M011","18:40","STORE"
"2026-05-26","T001199","CARD","CAFE","329500","C012","M005","19:06","STORE"
"2026-05-27","T000702","CARD","FOOD","28400","C020","M004","08:28","APP"
"2026-05-27","T000946","CARD","TRANSPORT","10700","C024","M016","08:42","WEB"
"2026-05-27","T000417","CARD","CAFE","7000","C045","M006","11:56","WEB"
"2026-05-27","T000385","CARD","TRANSPORT","277200","C019","M015","21:57","WEB"
"2026-05-27","T000743","CARD","GROCERY","71600","C027","M011","22:51","WEB"
"2026-05-28","T000250","CARD","CAFE","10100","C040","M007","07:01","STORE"
"2026-05-28","T000545","CARD","LEISURE","42800","C035","M021","08:00","WEB"
"2026-05-28","T000905","TRANSFER","SUBSCRIPTION","13100","C017","M027","13:02","APP"
"2026-05-28","T000466","CARD","CAFE","10300","C037","M005","19:48","STORE"
"2026-05-28","T000785","CARD","TRANSPORT","8600","C028","M016","20:30","STORE"
"2026-05-28","T000117","CARD","GROCERY","56600","C045","M011","20:32","STORE"
"2026-05-28","T000843","CARD","GROCERY","39800","C030","M011","21:54","APP"
"2026-05-28","T000320","CARD","FOOD","22600","C039","M004","22:44","STORE"
"2026-05-29","T000745","CARD","LEISURE","70200","C012","M022","07:04","STORE"
"2026-05-29","T000783","CARD","SUBSCRIPTION","22100","C025","M025","07:32","APP"
"2026-05-29","T000566","CARD","SHOPPING","81500","C049","M019","08:16","WEB"
"2026-05-29","T000316","CARD","CAFE","8100","C016","M006","09:14","STORE"
"2026-05-29","T000324","CARD","FOOD","10100","C031","M002","09:21","WEB"
"2026-05-29","T000539","CARD","SHOPPING","68400","C049","M017","12:46","APP"
"2026-05-29","T000010","CARD","LEISURE","56400","C016","M022","18:12","APP"
"2026-05-29","T001139","TRANSFER","EDUCATION","101000","C039","M036","19:41","STORE"
"2026-05-29","T000910","CARD","FOOD","11000","C008","M004","20:10","WEB"
"2026-05-30","T000889","CARD","TRANSPORT","10900","C059","M016","11:47","STORE"
"2026-05-30","T000733","CARD","GROCERY","31800","C022","M011","12:24","APP"
"2026-05-30","T000089","CARD","FOOD","13100","C006","M003","18:23","APP"
"2026-05-30","T000084","CARD","SHOPPING","28700","C055","M017","18:52","WEB"
"2026-05-31","T000535","CARD","FOOD","23900","C028","M004","11:53","APP"
"2026-05-31","T001011","CARD","GROCERY","41800","C049","M009","12:09","STORE"
"2026-05-31","T000388","CARD","CAFE","11000","C050","M008","17:35","APP"
"2026-05-31","T000941","TRANSFER","EDUCATION","20300","C027","M034","17:55","WEB"
"2026-05-31","T001048","CARD","FOOD","10800","C005","M004","18:07","APP"
"2026-05-31","T000023","CARD","FOOD","16600","C047","M002","18:12","APP"
"2026-05-31","T000780","CARD","FOOD","12200","C009","M001","18:45","APP"
"2026-06-01","T001157","CARD","CAFE","5700","C051","M008","07:25","APP"
"2026-06-01","T000989","TRANSFER","EDUCATION","24400","C012","M035","07:48","APP"
"2026-06-01","T001045","CARD","GROCERY","52600","C030","M010","11:23","APP"
"2026-06-01","T000936","CARD","FOOD","10500","C005","M002","18:17","APP"
"2026-06-01","T000057","CARD","FOOD","10800","C010","M001","18:59","APP"
"2026-06-01","T001144","CARD","FOOD","28100","C012","M001","19:48","APP"
"2026-06-02","T001069","CARD","CAFE","5700","C015","M006","07:08","WEB"
"2026-06-02","T000193","CARD","TRANSPORT","16300","C045","M016","07:17","APP"
"2026-06-02","T000241","CARD","GROCERY","73500","C058","M012","09:19","WEB"
"2026-06-02","T000520","CARD","FOOD","21900","C046","M002","09:41","STORE"
"2026-06-02","T000455","CARD","TRANSPORT","3400","C007","M015","12:08","WEB"
"2026-06-02","T000694","CARD","GROCERY","43200","C032","M010","13:01","WEB"
"2026-06-02","T000846","CARD","GROCERY","62700","C011","M011","19:16","APP"
"2026-06-02","T000067","CARD","SHOPPING","21600","C057","M018","20:55","APP"
"2026-06-02","T000656","CARD","SHOPPING","127900","C021","M018","21:22","STORE"
"2026-06-03","T000729","CARD","TRANSPORT","4400","C014","M016","11:58","WEB"
"2026-06-03","T000900","CARD","TRANSPORT","10000","C022","M014","19:29","STORE"
"2026-06-03","T001018","CARD","TRANSPORT","12500","C048","M016","20:34","APP"
"2026-06-03","T001073","CARD","SUBSCRIPTION","6500","C053","M027","22:45","APP"
"2026-06-04","T000572","CARD","LEISURE","65000","C046","M024","07:17","WEB"
"2026-06-04","T000109","CARD","FOOD","16300","C032","M002","07:19","STORE"
"2026-06-04","T000966","CARD","FOOD","20100","C052","M003","11:10","WEB"
"2026-06-04","T000398","CARD","FOOD","16400","C040","M004","22:14","APP"
"2026-06-05","T000348","CARD","CAFE","3500","C007","M005","07:06","WEB"
"2026-06-05","T000190","CARD","LEISURE","90600","C040","M021","09:07","WEB"
"2026-06-05","T001106","CARD","FOOD","18000","C036","M001","11:21","WEB"
"2026-06-05","T000845","CARD","EDUCATION","106300","C027","M036","20:14","STORE"
"2026-06-05","T000094","CARD","FOOD","16400","C055","M001","22:39","WEB"
"2026-06-06","T000222","CARD","CAFE","10700","C011","M008","11:28","APP"
"2026-06-06","T000538","CARD","FOOD","16100","C012","M001","11:33","APP"
"2026-06-06","T000252","CARD","GROCERY","32600","C054","M011","12:38","STORE"
"2026-06-06","T001088","CARD","TRANSPORT","4500","C028","M014","13:19","WEB"
"2026-06-06","T000289","CARD","GROCERY","16600","C004","M010","21:43","STORE"
"2026-06-06","T000321","CARD","TRANSPORT","19800","C056","M014","21:46","APP"
"2026-06-07","T000046","CARD","SUBSCRIPTION","21200","C039","M026","11:27","APP"
"2026-06-07","T001039","CARD","GROCERY","34900","C016","M010","11:35","APP"
"2026-06-07","T000327","CARD","TRANSPORT","3300","C046","M015","11:40","WEB"
"2026-06-07","T000593","CARD","SHOPPING","64300","C004","M017","12:11","WEB"
"2026-06-07","T000319","CARD","FOOD","18500","C006","M004","12:57","STORE"
"2026-06-07","T000690","CARD","FOOD","9200","C055","M003","16:28","APP"
"2026-06-07","T000496","CARD","FOOD","268900","C010","M002","18:35","STORE"
"2026-06-07","T000565","CARD","TRANSPORT","17500","C003","M014","18:40","WEB"
"2026-06-07","T000746","CARD","FOOD","26400","C037","M002","20:11","STORE"
"2026-06-07","T000070","CARD","FOOD","27000","C038","M002","21:22","APP"
"2026-06-08","T000890","CARD","GROCERY","40000","C043","M011","07:38","STORE"
"2026-06-08","T001181","CARD","GROCERY","26000","C042","M009","08:05","STORE"
"2026-06-08","T000121","CARD","FOOD","9800","C015","M004","09:38","APP"
"2026-06-08","T000668","CARD","CAFE","7800","C053","M008","09:49","WEB"
"2026-06-08","T000357","CARD","GROCERY","57500","C028","M011","12:58","STORE"
"2026-06-08","T000412","CARD","GROCERY","74100","C050","M012","13:03","APP"
"2026-06-08","T001141","CARD","SUBSCRIPTION","5700","C004","M027","13:57","STORE"
"2026-06-08","T000698","TRANSFER","EDUCATION","92100","C050","M033","18:08","STORE"
"2026-06-08","T000254","CARD","CAFE","7600","C020","M008","19:29","APP"
"2026-06-08","T001040","CARD","GROCERY","69900","C053","M009","21:35","STORE"
"2026-06-08","T000151","CARD","SHOPPING","80900","C041","M019","22:35","STORE"
"2026-06-09","T000360","CARD","FOOD","12800","C060","M001","09:09","STORE"
"2026-06-09","T000580","CARD","FOOD","18800","C036","M004","12:22","APP"
"2026-06-09","T001121","CARD","CAFE","6800","C055","M007","18:46","WEB"
"2026-06-09","T000891","TRANSFER","SUBSCRIPTION","22100","C032","M026","21:35","APP"
"2026-06-09","T000585","CARD","SHOPPING","139600","C008","M018","21:41","STORE"
"2026-06-10","T000025","CARD","FOOD","11200","C014","M001","09:18","WEB"
"2026-06-10","T000963","CARD","HEALTH","54000","C031","M031","09:52","APP"
"2026-06-10","T000260","CARD","GROCERY","16700","C039","M011","13:08","APP"
"2026-06-10","T001140","CARD","HEALTH","42000","C045","M031","19:36","APP"
"2026-06-10","T000660","CARD","FOOD","26800","C055","M004","21:21","STORE"
"2026-06-10","T000659","CARD","SHOPPING","86400","C012","M017","21:34","STORE"
"2026-06-11","T000756","CARD","CAFE","9900","C057","M007","07:00","APP"
"2026-06-11","T000492","CARD","FOOD","16900","C056","M003","07:24","APP"
"2026-06-11","T000041","CARD","LEISURE","79100","C059","M023","08:14","WEB"
"2026-06-11","T000251","CARD","LEISURE","29000","C047","M021","08:59","APP"
"2026-06-11","T000460","CARD","HEALTH","34000","C017","M029","11:07","STORE"
"2026-06-11","T000858","CARD","GROCERY","58000","C039","M011","12:13","STORE"
"2026-06-11","T000654","CARD","TRANSPORT","6000","C051","M013","13:40","APP"
"2026-06-11","T000330","CARD","LEISURE","45000","C009","M021","18:31","STORE"
"2026-06-11","T000738","CARD","FOOD","26900","C002","M001","19:14","STORE"
"2026-06-11","T000218","CARD","SHOPPING","111500","C007","M020","21:05","STORE"
"2026-06-11","T000530","CARD","TRANSPORT","9900","C030","M014","22:28","APP"
"2026-06-12","T001070","CARD","FOOD","25500","C008","M004","11:08","WEB"
"2026-06-12","T001075","CARD","TRANSPORT","12400","C059","M016","19:33","WEB"
"2026-06-12","T000938","CARD","FOOD","13300","C010","M004","20:44","WEB"
"2026-06-12","T001192","CARD","CAFE","6500","C031","M007","21:26","STORE"
"2026-06-12","T000384","CARD","LEISURE","70500","C036","M024","21:40","APP"
"2026-06-13","T000205","CARD","SHOPPING","99700","C046","M020","11:28","STORE"
"2026-06-13","T000750","TRANSFER","SUBSCRIPTION","9500","C014","M025","12:03","STORE"
"2026-06-13","T000716","CARD","FOOD","9800","C057","M004","13:09","STORE"
"2026-06-13","T000221","CARD","HEALTH","35100","C050","M032","13:58","WEB"
"2026-06-13","T000310","CARD","EDUCATION","54700","C040","M035","14:47","WEB"
"2026-06-13","T000903","CARD","HEALTH","52500","C059","M032","16:13","APP"
"2026-06-13","T000473","CARD","FOOD","22000","C024","M001","21:16","APP"
"2026-06-14","T000878","CARD","LEISURE","48500","C012","M024","11:01","WEB"
"2026-06-14","T000503","CARD","FOOD","17600","C040","M003","11:31","STORE"
"2026-06-14","T000274","CARD","GROCERY","33100","C033","M010","11:45","WEB"
"2026-06-14","T000841","CARD","HEALTH","59300","C048","M031","12:10","STORE"
"2026-06-14","T000142","CARD","TRANSPORT","7800","C006","M016","12:54","APP"
"2026-06-14","T000854","CARD","GROCERY","57500","C035","M009","13:54","APP"
"2026-06-14","T000732","TRANSFER","EDUCATION","476400","C041","M036","16:46","STORE"
"2026-06-14","T000122","CARD","FOOD","28100","C060","M001","18:53","STORE"
"2026-06-15","T000947","CARD","SHOPPING","124500","C056","M020","07:35","APP"
"2026-06-15","T000351","TRANSFER","SUBSCRIPTION","19600","C003","M028","08:47","APP"
"2026-06-15","T001162","CARD","SUBSCRIPTION","22900","C058","M028","18:07","WEB"
"2026-06-15","T001149","CARD","LEISURE","61700","C041","M022","20:16","STORE"
"2026-06-15","T000298","CARD","EDUCATION","74300","C042","M036","20:45","STORE"
"2026-06-16","T000805","CARD","FOOD","15100","C027","M001","09:09","APP"
"2026-06-16","T000895","CARD","TRANSPORT","18700","C019","M013","09:25","STORE"
"2026-06-16","T000263","CARD","LEISURE","80300","C038","M021","09:49","APP"
"2026-06-16","T000396","CARD","GROCERY","61100","C057","M010","18:57","STORE"
"2026-06-16","T000053","CARD","FOOD","29500","C004","M004","20:50","APP"
"2026-06-16","T000829","CARD","TRANSPORT","5900","C038","M013","22:58","APP"
"2026-06-17","T000575","CARD","SHOPPING","38100","C015","M017","07:01","APP"
"2026-06-17","T000834","CARD","FOOD","9200","C052","M002","08:48","APP"
"2026-06-17","T001132","CARD","HEALTH","166000","C038","M031","08:57","STORE"
"2026-06-17","T000619","CARD","HEALTH","59100","C007","M032","09:40","WEB"
"2026-06-17","T000646","CARD","GROCERY","66600","C027","M009","12:05","WEB"
"2026-06-17","T000907","CARD","GROCERY","39400","C028","M009","12:30","WEB"
"2026-06-17","T000942","CARD","GROCERY","50500","C015","M010","19:35","WEB"
"2026-06-17","T000599","CARD","HEALTH","52200","C007","M032","20:20","STORE"
"2026-06-18","T000693","CARD","GROCERY","51400","C056","M010","07:58","WEB"
"2026-06-18","T000911","CARD","LEISURE","57800","C023","M021","08:41","STORE"
"2026-06-18","T000063","CARD","FOOD","15000","C002","M001","12:35","STORE"
"2026-06-18","T000058","CARD","HEALTH","29500","C020","M030","18:18","APP"
"2026-06-18","T000670","CARD","FOOD","24600","C046","M001","19:00","STORE"
"2026-06-18","T000699","CARD","FOOD","13100","C043","M003","22:42","STORE"
"2026-06-19","T000295","CARD","CAFE","281300","C023","M006","13:53","STORE"
"2026-06-19","T001175","CARD","FOOD","21300","C017","M003","18:32","STORE"
"2026-06-19","T000286","TRANSFER","EDUCATION","38100","C013","M036","22:18","APP"
"2026-06-20","T000229","CARD","EDUCATION","34900","C006","M036","11:46","STORE"
"2026-06-20","T000128","CARD","FOOD","9500","C033","M004","12:17","STORE"
"2026-06-20","T001130","CARD","FOOD","415600","C027","M002","12:32","APP"
"2026-06-20","T000527","CARD","TRANSPORT","12200","C015","M015","12:35","APP"
"2026-06-20","T001097","CARD","LEISURE","84800","C020","M021","13:11","STORE"
"2026-06-20","T000770","CARD","EDUCATION","45400","C017","M034","13:24","WEB"
"2026-06-20","T000425","CARD","SUBSCRIPTION","17000","C050","M025","13:44","WEB"
"2026-06-20","T000012","CARD","SHOPPING","34700","C013","M019","14:16","STORE"
"2026-06-20","T000542","CARD","SHOPPING","49900","C007","M020","16:01","STORE"
"2026-06-20","T000766","CARD","HEALTH","7400","C021","M029","17:06","APP"
"2026-06-20","T000315","CARD","FOOD","11800","C031","M003","18:03","WEB"
"2026-06-20","T000550","CARD","GROCERY","285400","C005","M012","18:16","STORE"
"2026-06-20","T000424","CARD","LEISURE","11600","C001","M023","19:51","WEB"
"2026-06-20","T000649","CARD","FOOD","28300","C042","M003","19:51","STORE"
"2026-06-20","T000332","CARD","GROCERY","44700","C016","M011","19:53","APP"
"2026-06-20","T000382","CARD","FOOD","312900","C056","M002","20:41","WEB"
"2026-06-21","T000811","CARD","TRANSPORT","11800","C048","M016","10:17","APP"
"2026-06-21","T000267","CARD","SHOPPING","100400","C002","M017","15:13","APP"
"2026-06-21","T000476","CARD","SHOPPING","19900","C014","M018","16:07","STORE"
"2026-06-21","T000217","CARD","FOOD","13000","C004","M004","16:36","APP"
"2026-06-21","T000139","CARD","LEISURE","47700","C049","M022","17:01","WEB"
"2026-06-21","T000226","CARD","FOOD","21900","C027","M004","18:41","STORE"
"2026-06-21","T000725","CARD","CAFE","8300","C053","M007","19:30","STORE"
"2026-06-21","T001098","CARD","FOOD","10800","C060","M004","20:38","STORE"
"2026-06-21","T000249","CARD","CAFE","5800","C043","M007","20:55","STORE"
"2026-06-22","T000279","CARD","FOOD","11900","C019","M004","07:40","APP"
"2026-06-22","T000333","CARD","CAFE","10400","C021","M008","09:27","APP"
"2026-06-22","T000423","CARD","HEALTH","45600","C046","M031","12:24","STORE"
"2026-06-22","T000860","TRANSFER","SUBSCRIPTION","11800","C007","M028","13:46","STORE"
"2026-06-22","T000534","CARD","LEISURE","90800","C006","M024","13:49","WEB"
"2026-06-22","T000141","CARD","SHOPPING","128500","C039","M018","20:27","WEB"
"2026-06-23","T000984","CARD","SHOPPING","29900","C040","M019","08:01","APP"
"2026-06-23","T000373","CARD","SHOPPING","121500","C043","M018","08:13","APP"
"2026-06-23","T000284","CARD","SHOPPING","19400","C024","M019","18:29","WEB"
"2026-06-23","T000541","CARD","CAFE","10800","C036","M007","19:26","STORE"
"2026-06-23","T000245","TRANSFER","SUBSCRIPTION","9000","C005","M026","21:33","STORE"
"2026-06-23","T000629","CARD","GROCERY","33500","C001","M011","22:12","WEB"
"2026-06-23","T000935","CARD","GROCERY","42100","C042","M011","22:56","STORE"
"2026-06-24","T000435","CARD","LEISURE","22900","C006","M024","11:57","STORE"
"2026-06-24","T000075","CARD","LEISURE","83900","C018","M022","18:11","APP"
"2026-06-24","T000131","CARD","HEALTH","25700","C057","M030","20:24","WEB"
"2026-06-25","T001004","CARD","LEISURE","405600","C056","M024","07:52","APP"
"2026-06-25","T000676","CARD","LEISURE","53100","C058","M023","11:33","APP"
"2026-06-25","T000365","CARD","CAFE","7700","C006","M008","12:32","WEB"
"2026-06-25","T001085","CARD","TRANSPORT","13900","C039","M014","12:57","APP"
"2026-06-25","T001101","CARD","GROCERY","33300","C049","M009","13:09","APP"
"2026-06-25","T000068","CARD","GROCERY","64300","C054","M009","13:12","APP"
"2026-06-25","T000239","CARD","GROCERY","54500","C031","M010","18:54","WEB"
"2026-06-25","T001165","CARD","CAFE","6100","C046","M005","20:41","APP"
"2026-06-25","T000735","CARD","FOOD","15500","C055","M001","21:02","APP"
"2026-06-25","T000569","CARD","GROCERY","39200","C019","M011","21:37","APP"
"2026-06-25","T000523","CARD","GROCERY","32700","C037","M010","22:25","APP"
"2026-06-25","T000636","CARD","FOOD","19600","C058","M002","22:57","STORE"
"2026-06-26","T000303","CARD","FOOD","25500","C051","M003","11:14","WEB"
"2026-06-27","T000125","CARD","TRANSPORT","254200","C019","M015","11:49","STORE"
"2026-06-27","T000701","CARD","FOOD","17600","C010","M001","12:17","APP"
"2026-06-27","T000971","CARD","LEISURE","56700","C021","M024","15:45","APP"
"2026-06-27","T000589","CARD","FOOD","14500","C041","M001","15:50","APP"
"2026-06-27","T001072","CARD","HEALTH","22100","C048","M029","15:53","WEB"
"2026-06-27","T001041","CARD","FOOD","13200","C054","M004","17:28","STORE"
"2026-06-27","T000255","CARD","GROCERY","73800","C043","M010","19:06","STORE"
"2026-06-27","T001090","CARD","FOOD","11400","C019","M001","20:51","WEB"
"2026-06-28","T000080","CARD","SHOPPING","101600","C044","M017","10:39","WEB"
"2026-06-28","T000133","CARD","TRANSPORT","14200","C039","M014","10:46","STORE"
"2026-06-28","T000112","CARD","GROCERY","22200","C057","M012","11:51","APP"
"2026-06-28","T000901","TRANSFER","SUBSCRIPTION","12200","C024","M026","12:59","APP"
"2026-06-28","T000085","CARD","SHOPPING","58800","C029","M019","14:10","STORE"
"2026-06-28","T000021","TRANSFER","SUBSCRIPTION","17800","C014","M027","19:26","STORE"
"2026-06-28","T000399","CARD","FOOD","22800","C051","M004","19:50","STORE"
"2026-06-29","T000353","CARD","CAFE","4800","C007","M006","07:29","APP"
"2026-06-29","T000468","CARD","GROCERY","54400","C012","M011","11:53","APP"
"2026-06-29","T000437","CARD","FOOD","22300","C004","M002","13:20","STORE"
"2026-06-29","T000390","CARD","CAFE","6700","C004","M005","18:45","APP"
"2026-06-29","T001044","CARD","FOOD","18100","C027","M004","21:00","WEB"
"2026-06-29","T000148","CARD","FOOD","19000","C015","M002","21:03","APP"
"2026-06-29","T001071","CARD","FOOD","19700","C005","M004","21:52","APP"
"2026-06-29","T000271","CARD","EDUCATION","59400","C040","M034","22:57","WEB"
"2026-06-30","T000884","CARD","SHOPPING","45700","C055","M019","08:36","APP"
"2026-06-30","T000607","CARD","FOOD","19300","C004","M001","08:53","APP"
"2026-06-30","T000297","CARD","TRANSPORT","11100","C035","M015","13:30","STORE"
"2026-06-30","T001032","CARD","FOOD","12100","C027","M004","19:28","APP"
"2026-06-30","T000839","CARD","HEALTH","30800","C047","M030","21:57","APP"
"2026-06-30","T000923","CARD","TRANSPORT","405200","C047","M016","22:23","WEB"
"2026-06-30","T001166","CARD","FOOD","19400","C001","M004","22:31","APP"
"2026-06-30","T000779","CARD","CAFE","7800","C011","M006","22:57","WEB"
